assay,seed,gate_reason,ours_hits,counterfactual_no_unc_rescue_hits,intervention_gain_vs_no_unc_rescue,counterfactual_unblocked_unc_neighbor_hits,blocked_guard_gain_vs_unblocked
ADRB2,47001,guarded_unc_neighbor,1,1,0,1,0
ADRB2,47002,safe_fallback,1,1,0,1,0
ADRB2,47003,safe_fallback,1,1,0,1,0
ADRB2,47004,guarded_unc_neighbor,2,1,1,2,0
ADRB2,47005,guarded_unc_neighbor,2,1,1,2,0
ALDH1,47001,safe_fallback,36,36,0,36,0
ALDH1,47002,guarded_unc_neighbor,34,22,12,34,0
ALDH1,47003,safe_fallback,6,6,0,6,0
ALDH1,47004,guarded_unc_neighbor,20,10,10,20,0
ALDH1,47005,safe_fallback,15,15,0,15,0
FEN1,47001,safe_fallback,2,2,0,2,0
FEN1,47002,safe_fallback,1,1,0,1,0
FEN1,47003,safe_fallback,1,1,0,1,0
FEN1,47004,safe_fallback,5,5,0,5,0
FEN1,47005,safe_fallback,7,7,0,7,0
GBA,47001,safe_fallback,1,1,0,1,0
GBA,47002,legacy_similarity,11,11,0,11,0
GBA,47003,safe_fallback,1,1,0,1,0
GBA,47004,safe_fallback,7,7,0,7,0
GBA,47005,legacy_similarity,13,13,0,10,3
IDH1,47001,safe_fallback,1,1,0,1,0
IDH1,47002,legacy_similarity,1,1,0,2,-1
IDH1,47003,legacy_similarity,2,2,0,1,1
IDH1,47004,safe_fallback,1,1,0,1,0
IDH1,47005,legacy_similarity,1,1,0,1,0
KAT2A,47001,safe_fallback,1,1,0,1,0
KAT2A,47002,safe_fallback,2,2,0,2,0
KAT2A,47003,guarded_unc_neighbor,1,1,0,1,0
KAT2A,47004,safe_fallback,1,1,0,1,0
KAT2A,47005,unc_neighbor_blocked_by_safe_sim,1,1,0,1,0
MAPK1,47001,guarded_unc_neighbor,2,2,0,2,0
MAPK1,47002,safe_fallback,5,5,0,5,0
MAPK1,47003,safe_fallback,2,2,0,2,0
MAPK1,47004,safe_fallback,11,11,0,11,0
MAPK1,47005,safe_fallback,2,2,0,2,0
MTORC1,47001,safe_fallback,3,3,0,3,0
MTORC1,47002,safe_fallback,4,4,0,4,0
MTORC1,47003,safe_fallback,4,4,0,4,0
MTORC1,47004,safe_fallback,4,4,0,4,0
MTORC1,47005,safe_fallback,4,4,0,4,0
OPRK1,47001,safe_fallback,9,9,0,9,0
OPRK1,47002,safe_fallback,9,9,0,9,0
OPRK1,47003,legacy_similarity,1,1,0,1,0
OPRK1,47004,safe_fallback,2,2,0,2,0
OPRK1,47005,safe_fallback,1,1,0,1,0
PKM2,47001,safe_fallback,3,3,0,3,0
PKM2,47002,legacy_similarity,2,2,0,2,0
PKM2,47003,safe_fallback,6,6,0,6,0
PKM2,47004,safe_fallback,1,1,0,1,0
PKM2,47005,safe_fallback,4,4,0,4,0
VDR,47001,unc_neighbor_blocked_by_safe_sim,5,5,0,1,4
VDR,47002,safe_fallback,1,1,0,1,0
VDR,47003,guarded_unc_neighbor,1,1,0,1,0
VDR,47004,safe_fallback,15,15,0,15,0
VDR,47005,guarded_unc_neighbor,8,5,3,8,0
