sweep,value,macro_mean,sum_means,n_assays
safe_sim_lower,0.0,5.163636363636364,56.800000000000004,11
safe_sim_lower,0.08,5.163636363636364,56.800000000000004,11
safe_sim_lower,0.108,5.236363636363636,57.6,11
safe_sim_lower,0.12,5.163636363636364,56.800000000000004,11
safe_sim_lower,0.14,4.945454545454545,54.4,11
safe_sim_lower,0.16,4.945454545454545,54.4,11
safe_unc_thr,0.6,5.236363636363636,57.6,11
safe_unc_thr,0.65,5.236363636363636,57.6,11
safe_unc_thr,0.7,5.236363636363636,57.6,11
safe_unc_thr,0.75,4.763636363636364,52.4,11
safe_unc_thr,0.8,4.763636363636364,52.4,11
x4_mean_thr,0.2,5.236363636363636,57.6,11
x4_mean_thr,0.25,5.236363636363636,57.6,11
x4_mean_thr,0.3,5.0,55.0,11
x4_mean_thr,0.35,4.945454545454545,54.4,11
x4_mean_thr,0.4,4.927272727272728,54.2,11
x4_p90_thr,0.25,5.236363636363636,57.6,11
x4_p90_thr,0.3,5.236363636363636,57.6,11
x4_p90_thr,0.35,5.0,55.0,11
x4_p90_thr,0.4,5.0,55.0,11
x4_p90_thr,0.45,4.945454545454545,54.4,11
