comparison,assay,a_mean,b_mean,mean_delta,bootstrap95_low,bootstrap95_high,paired_permutation_p,wilcoxon_signed_rank_p,cohen_dz,win_seed_count,tie_seed_count,loss_seed_count,a_values,b_values
AIR-LegacyUncGate vs AIR-SimGate-v2,ADRB2,1.4,1.0,0.4,0.0,0.8,0.5151515151515151,0.6,0.7302967433402214,2,3,0,1 1 1 2 2,1 1 1 1 1
AIR-LegacyUncGate vs AIR-SimGate-v2,ALDH1,22.2,17.8,4.4,0.0,9.2,0.5151515151515151,0.6,0.7253185207353657,2,3,0,36 34 6 20 15,36 22 6 10 15
AIR-LegacyUncGate vs AIR-SimGate-v2,FEN1,3.2,3.2,0.0,0.0,0.0,1.0,1.0,0.0,0,5,0,2 1 1 5 7,2 1 1 5 7
AIR-LegacyUncGate vs AIR-SimGate-v2,GBA,6.6,6.6,0.0,0.0,0.0,1.0,1.0,0.0,0,5,0,1 11 1 7 13,1 11 1 7 13
AIR-LegacyUncGate vs AIR-SimGate-v2,IDH1,1.2,1.2,0.0,0.0,0.0,1.0,1.0,0.0,0,5,0,1 1 2 1 1,1 1 2 1 1
AIR-LegacyUncGate vs AIR-SimGate-v2,KAT2A,1.2,1.2,0.0,0.0,0.0,1.0,1.0,0.0,0,5,0,1 2 1 1 1,1 2 1 1 1
AIR-LegacyUncGate vs AIR-SimGate-v2,MAPK1,4.4,4.4,0.0,0.0,0.0,1.0,1.0,0.0,0,5,0,2 5 2 11 2,2 5 2 11 2
AIR-LegacyUncGate vs AIR-SimGate-v2,MTORC1,3.8,3.8,0.0,0.0,0.0,1.0,1.0,0.0,0,5,0,3 4 4 4 4,3 4 4 4 4
AIR-LegacyUncGate vs AIR-SimGate-v2,OPRK1,4.4,4.4,0.0,0.0,0.0,1.0,1.0,0.0,0,5,0,9 9 1 2 1,9 9 1 2 1
AIR-LegacyUncGate vs AIR-SimGate-v2,PKM2,3.2,3.2,0.0,0.0,0.0,1.0,1.0,0.0,0,5,0,3 2 6 1 4,3 2 6 1 4
AIR-LegacyUncGate vs AIR-SimGate-v2,VDR,6.0,5.4,0.6,0.0,1.8,1.0,1.0,0.4472135954999579,1,4,0,5 1 1 15 8,5 1 1 15 5
AIR-LegacyUncGate vs AIR-SimGate-v2,__macro_over_assays__,5.236363636363636,4.745454545454546,0.49090909090909096,0.0,1.309090909090909,0.25036603221083453,0.3333333333333333,0.3739985284289871,3,8,0,,
AIR-LegacyUncGate vs AIR-UncNeighborGate,ADRB2,1.4,1.4,0.0,0.0,0.0,1.0,1.0,0.0,0,5,0,1 1 1 2 2,1 1 1 2 2
AIR-LegacyUncGate vs AIR-UncNeighborGate,ALDH1,22.2,22.2,0.0,0.0,0.0,1.0,1.0,0.0,0,5,0,36 34 6 20 15,36 34 6 20 15
AIR-LegacyUncGate vs AIR-UncNeighborGate,FEN1,3.2,3.2,0.0,0.0,0.0,1.0,1.0,0.0,0,5,0,2 1 1 5 7,2 1 1 5 7
AIR-LegacyUncGate vs AIR-UncNeighborGate,GBA,6.6,6.0,0.6,0.0,1.8,1.0,1.0,0.4472135954999579,1,4,0,1 11 1 7 13,1 11 1 7 10
AIR-LegacyUncGate vs AIR-UncNeighborGate,IDH1,1.2,1.2,0.0,-0.6,0.6,1.0,1.0,0.0,1,3,1,1 1 2 1 1,1 2 1 1 1
AIR-LegacyUncGate vs AIR-UncNeighborGate,KAT2A,1.2,1.2,0.0,0.0,0.0,1.0,1.0,0.0,0,5,0,1 2 1 1 1,1 2 1 1 1
AIR-LegacyUncGate vs AIR-UncNeighborGate,MAPK1,4.4,4.4,0.0,0.0,0.0,1.0,1.0,0.0,0,5,0,2 5 2 11 2,2 5 2 11 2
AIR-LegacyUncGate vs AIR-UncNeighborGate,MTORC1,3.8,3.8,0.0,0.0,0.0,1.0,1.0,0.0,0,5,0,3 4 4 4 4,3 4 4 4 4
AIR-LegacyUncGate vs AIR-UncNeighborGate,OPRK1,4.4,4.4,0.0,0.0,0.0,1.0,1.0,0.0,0,5,0,9 9 1 2 1,9 9 1 2 1
AIR-LegacyUncGate vs AIR-UncNeighborGate,PKM2,3.2,3.2,0.0,0.0,0.0,1.0,1.0,0.0,0,5,0,3 2 6 1 4,3 2 6 1 4
AIR-LegacyUncGate vs AIR-UncNeighborGate,VDR,6.0,5.2,0.8,0.0,2.4,1.0,1.0,0.44721359549995787,1,4,0,5 1 1 15 8,1 1 1 15 8
AIR-LegacyUncGate vs AIR-UncNeighborGate,__macro_over_assays__,5.236363636363636,5.109090909090909,0.12727272727272726,0.0,0.3090909090909091,0.5002440214738897,0.6,0.443963716056366,2,9,0,,
AIR-LegacyUncGate vs X4-HitNeighbor,ADRB2,1.4,1.4,0.0,0.0,0.0,1.0,1.0,0.0,0,5,0,1 1 1 2 2,1 1 1 2 2
AIR-LegacyUncGate vs X4-HitNeighbor,ALDH1,22.2,15.2,7.0,0.0,16.2,0.5151515151515151,0.6,0.6767155423319645,2,3,0,36 34 6 20 15,13 34 6 20 3
AIR-LegacyUncGate vs X4-HitNeighbor,FEN1,3.2,2.8,0.4,-0.6,1.8,1.0,1.0,0.2637521893583148,1,3,1,2 1 1 5 7,2 1 1 6 4
AIR-LegacyUncGate vs X4-HitNeighbor,GBA,6.6,6.6,0.0,0.0,0.0,1.0,1.0,0.0,0,5,0,1 11 1 7 13,1 11 1 7 13
AIR-LegacyUncGate vs X4-HitNeighbor,IDH1,1.2,1.2,0.0,0.0,0.0,1.0,1.0,0.0,0,5,0,1 1 2 1 1,1 1 2 1 1
AIR-LegacyUncGate vs X4-HitNeighbor,KAT2A,1.2,1.0,0.2,0.0,0.6,1.0,1.0,0.44721359549995787,1,4,0,1 2 1 1 1,1 1 1 1 1
AIR-LegacyUncGate vs X4-HitNeighbor,MAPK1,4.4,3.2,1.2,0.2,2.6,0.2727272727272727,0.3333333333333333,0.7302967433402215,3,2,0,2 5 2 11 2,2 1 2 10 1
AIR-LegacyUncGate vs X4-HitNeighbor,MTORC1,3.8,2.0,1.8,0.8,2.8,0.15151515151515152,0.17647058823529413,1.380536979925267,4,1,0,3 4 4 4 4,1 3 1 1 4
AIR-LegacyUncGate vs X4-HitNeighbor,OPRK1,4.4,3.2,1.2,0.2,2.2,0.2727272727272727,0.3333333333333333,0.9203579866168445,3,2,0,9 9 1 2 1,6 7 1 1 1
AIR-LegacyUncGate vs X4-HitNeighbor,PKM2,3.2,2.0,1.2,-0.4,3.2,0.5151515151515151,0.5555555555555556,0.5026246899500346,2,2,1,3 2 6 1 4,1 2 1 2 4
AIR-LegacyUncGate vs X4-HitNeighbor,VDR,6.0,2.6,3.4,-0.4,9.0,0.5151515151515151,0.5555555555555556,0.5458371042077452,2,2,1,5 1 1 15 8,1 2 1 1 8
AIR-LegacyUncGate vs X4-HitNeighbor,__macro_over_assays__,5.236363636363636,3.7454545454545456,1.4909090909090907,0.509090909090909,2.8181818181818183,0.008296730112249878,0.011673151750972763,0.7118227196976722,8,3,0,,
AIR-LegacyUncGate vs B10-AuditRule,ADRB2,1.4,1.4,0.0,-0.6,0.6,1.0,1.0,0.0,1,3,1,1 1 1 2 2,1 1 2 2 1
AIR-LegacyUncGate vs B10-AuditRule,ALDH1,22.2,14.4,7.8,0.6,15.0,0.2727272727272727,0.3333333333333333,0.8235659473079354,3,0,2,36 34 6 20 15,23 19 9 4 17
AIR-LegacyUncGate vs B10-AuditRule,FEN1,3.2,1.2,2.0,0.2,3.8,0.2727272727272727,0.3333333333333333,0.8528028654224417,3,2,0,2 1 1 5 7,1 1 1 1 2
AIR-LegacyUncGate vs B10-AuditRule,GBA,6.6,3.6,3.0,0.4,6.6,0.2727272727272727,0.3333333333333333,0.7276068751089989,3,2,0,1 11 1 7 13,1 1 1 5 10
AIR-LegacyUncGate vs B10-AuditRule,IDH1,1.2,1.0,0.2,0.0,0.6,1.0,1.0,0.44721359549995787,1,4,0,1 1 2 1 1,1 1 1 1 1
AIR-LegacyUncGate vs B10-AuditRule,KAT2A,1.2,1.0,0.2,0.0,0.6,1.0,1.0,0.44721359549995787,1,4,0,1 2 1 1 1,1 1 1 1 1
AIR-LegacyUncGate vs B10-AuditRule,MAPK1,4.4,1.8,2.6,1.0,5.4,0.09090909090909091,0.09090909090909091,0.8525735865191388,5,0,0,2 5 2 11 2,1 3 1 3 1
AIR-LegacyUncGate vs B10-AuditRule,MTORC1,3.8,3.4,0.4,-0.4,1.0,0.6363636363636364,0.6470588235294118,0.447213595499958,3,1,1,3 4 4 4 4,4 3 3 3 4
AIR-LegacyUncGate vs B10-AuditRule,OPRK1,4.4,1.6,2.8,0.2,5.8,0.2727272727272727,0.3333333333333333,0.7856989465728392,3,2,0,9 9 1 2 1,4 1 1 1 1
AIR-LegacyUncGate vs B10-AuditRule,PKM2,3.2,1.2,2.0,0.8,3.2,0.15151515151515152,0.17647058823529413,1.2649110640673518,4,1,0,3 2 6 1 4,1 1 2 1 1
AIR-LegacyUncGate vs B10-AuditRule,VDR,6.0,2.2,3.8,0.2,8.8,0.2727272727272727,0.3333333333333333,0.6858267319002118,3,2,0,5 1 1 15 8,4 1 1 2 3
AIR-LegacyUncGate vs B10-AuditRule,__macro_over_assays__,5.236363636363636,2.9818181818181824,2.2545454545454544,1.1090909090909091,3.6363636363636362,0.002440214738897023,0.002926829268292683,0.9963069792002565,10,1,0,,
