comparison,other_method,scope,n_units,mean_delta_hits,bootstrap95_low,bootstrap95_high,sign_permutation_p,wilcoxon_p,cohen_dz,win_tie_loss
AIR-LegacyUncGate vs Official-AC-Active-ginl-cliff-air100k,Official-AC-Active-ginl-cliff-air100k,assay_mean_paired,11,1.4727272727272727,0.5818181818181819,2.381818181818182,0.013671875,0.0166015625,0.9215023028176094,9/0/2
AIR-LegacyUncGate vs Official-AC-Active-ginl-cliff-air100k,Official-AC-Active-ginl-cliff-air100k,assay_seed_paired,55,1.4727272727272727,0.2909090909090909,2.8181818181818183,0.0281,0.03869890678278772,0.30065294091446365,
AIR-LegacyUncGate vs Official-ChemScreener-BalancedRanking,Official-ChemScreener-BalancedRanking,assay_mean_paired,11,2.2363636363636363,0.9454545454545454,3.8363636363636364,0.0078125,0.005859375,0.8592159717313063,10/0/1
AIR-LegacyUncGate vs Official-ChemScreener-BalancedRanking,Official-ChemScreener-BalancedRanking,assay_seed_paired,55,2.2363636363636363,0.8181818181818182,3.8545454545454545,0.00245,0.0013233492677634526,0.3850115723856605,
AIR-LegacyUncGate vs Official-GLARE-ginl-grpo-air100k,Official-GLARE-ginl-grpo-air100k,assay_mean_paired,11,2.1454545454545455,0.8727272727272727,3.7636363636363637,0.0078125,0.0078125,0.8256190646822,10/0/1
AIR-LegacyUncGate vs Official-GLARE-ginl-grpo-air100k,Official-GLARE-ginl-grpo-air100k,assay_seed_paired,55,2.1454545454545455,1.018181818181818,3.418636363636324,0.00065,0.0025001959106188926,0.4595768647312896,
AIR-LegacyUncGate vs AIR-HNDiv,AIR-HNDiv,assay_mean_paired,11,1.3454545454545455,0.5272727272727273,2.3454545454545457,0.00390625,0.00390625,0.816894483768561,9/2/0
AIR-LegacyUncGate vs AIR-HNDiv,AIR-HNDiv,assay_seed_paired,55,1.3454545454545455,0.4909090909090909,2.4,0.0021,0.0029174692010270546,0.3633473863151326,
AIR-LegacyUncGate vs AIR-SafeCluster,AIR-SafeCluster,assay_mean_paired,11,0.6545454545454545,0.05454545454545454,1.5272727272727273,0.125,0.125,0.4824419762078263,4/7/0
AIR-LegacyUncGate vs AIR-SafeCluster,AIR-SafeCluster,assay_seed_paired,55,0.6545454545454545,0.14545454545454545,1.309090909090909,0.01953125,0.01953125,0.2882529194449263,
AIR-LegacyUncGate vs AIR-SimGate-v2,AIR-SimGate-v2,assay_mean_paired,11,0.49090909090909096,0.0,1.3090909090909093,0.25,0.25,0.3739985284289871,3/8/0
AIR-LegacyUncGate vs AIR-SimGate-v2,AIR-SimGate-v2,assay_seed_paired,55,0.4909090909090909,0.03636363636363636,1.1272727272727272,0.0625,0.0625,0.23201645992559017,
AIR-LegacyUncGate vs B1-Fixed,B1-Fixed,assay_mean_paired,11,2.3818181818181823,1.0545454545454545,4.072727272727272,0.001953125,0.001953125,0.877256620224863,10/1/0
AIR-LegacyUncGate vs B1-Fixed,B1-Fixed,assay_seed_paired,55,2.381818181818182,1.2363636363636363,3.709090909090909,0.0,2.2192220432364806e-05,0.5046333566566846,
AIR-LegacyUncGate vs B10-AuditRule,B10-AuditRule,assay_mean_paired,11,2.2545454545454544,1.1090909090909091,3.636363636363636,0.001953125,0.001953125,0.9963069792002565,10/1/0
AIR-LegacyUncGate vs B10-AuditRule,B10-AuditRule,assay_seed_paired,55,2.2545454545454544,1.2181818181818183,3.4,0.0,2.677858262353341e-05,0.5425581287351918,
AIR-LegacyUncGate vs X0-Random,X0-Random,assay_mean_paired,11,3.6181818181818177,1.6363636363636365,6.454545454545454,0.001953125,0.001953125,0.8110877023638705,10/1/0
AIR-LegacyUncGate vs X0-Random,X0-Random,assay_seed_paired,55,3.618181818181818,2.1818181818181817,5.4,0.0,1.0480105627531787e-06,0.5958728800125723,
AIR-LegacyUncGate vs X1-UCB,X1-UCB,assay_mean_paired,11,3.5090909090909093,1.4727272727272729,6.454545454545454,0.0009765625,0.0009765625,0.7652562777260865,11/0/0
AIR-LegacyUncGate vs X1-UCB,X1-UCB,assay_seed_paired,55,3.5090909090909093,2.018181818181818,5.3090909090909095,0.0,8.897130092085692e-07,0.5579775865254167,
AIR-LegacyUncGate vs X2-Diverse,X2-Diverse,assay_mean_paired,11,3.2181818181818183,1.4909090909090912,5.581818181818182,0.0009765625,0.0009765625,0.8646892025848446,11/0/0
AIR-LegacyUncGate vs X2-Diverse,X2-Diverse,assay_seed_paired,55,3.2181818181818183,1.8545454545454545,4.8,0.0,6.7537124609823474e-06,0.5726597278583916,
AIR-LegacyUncGate vs X3-BalancedRank,X3-BalancedRank,assay_mean_paired,11,3.5818181818181816,1.6909090909090907,6.218636363636325,0.0009765625,0.0009765625,0.866995505253526,11/0/0
AIR-LegacyUncGate vs X3-BalancedRank,X3-BalancedRank,assay_seed_paired,55,3.581818181818182,2.0,5.4363636363636365,0.0,4.536468577328311e-06,0.5486635102987569,
AIR-LegacyUncGate vs X4-HitNeighbor,X4-HitNeighbor,assay_mean_paired,11,1.4909090909090907,0.5090909090909091,2.8000000000000003,0.0078125,0.0078125,0.7118227196976722,8/3/0
AIR-LegacyUncGate vs X4-HitNeighbor,X4-HitNeighbor,assay_seed_paired,55,1.490909090909091,0.5818181818181818,2.6545454545454548,0.00015,0.00035415385246980423,0.37364837565175246,
