method_label,assay,seed,runtime_sec,runtime_kind,n_timed_parts,q_spent,b1_spent,timed_out
AIR-LegacyUncGate,VDR,47001,45.95509457588196,sum_train_predict_manifest_elapsed,8,192,192,
AIR-LegacyUncGate,VDR,47002,45.02752065658569,sum_train_predict_manifest_elapsed,8,192,192,
AIR-LegacyUncGate,VDR,47003,45.671040773391724,sum_train_predict_manifest_elapsed,8,192,192,
AIR-LegacyUncGate,VDR,47004,45.121052742004395,sum_train_predict_manifest_elapsed,8,192,192,
AIR-LegacyUncGate,VDR,47005,45.825852155685425,sum_train_predict_manifest_elapsed,8,192,192,
AIR-LegacyUncGate,KAT2A,47001,42.58018207550049,sum_train_predict_manifest_elapsed,8,192,192,
AIR-LegacyUncGate,KAT2A,47002,42.69169092178345,sum_train_predict_manifest_elapsed,8,192,192,
AIR-LegacyUncGate,KAT2A,47003,43.07598400115967,sum_train_predict_manifest_elapsed,8,192,192,
AIR-LegacyUncGate,KAT2A,47004,43.28775429725647,sum_train_predict_manifest_elapsed,8,192,192,
AIR-LegacyUncGate,KAT2A,47005,42.41420936584473,sum_train_predict_manifest_elapsed,8,192,192,
AIR-LegacyUncGate,ALDH1,47001,46.20173358917236,sum_train_predict_manifest_elapsed,8,192,192,
AIR-LegacyUncGate,ALDH1,47002,45.27211236953735,sum_train_predict_manifest_elapsed,8,192,192,
AIR-LegacyUncGate,ALDH1,47003,46.307878494262695,sum_train_predict_manifest_elapsed,8,192,192,
AIR-LegacyUncGate,ALDH1,47004,46.380760192871094,sum_train_predict_manifest_elapsed,8,192,192,
AIR-LegacyUncGate,ALDH1,47005,47.72782826423645,sum_train_predict_manifest_elapsed,8,192,192,
AIR-LegacyUncGate,FEN1,47001,45.25576090812683,sum_train_predict_manifest_elapsed,8,192,192,
AIR-LegacyUncGate,FEN1,47002,43.41404724121094,sum_train_predict_manifest_elapsed,8,192,192,
AIR-LegacyUncGate,FEN1,47003,42.55048489570618,sum_train_predict_manifest_elapsed,8,192,192,
AIR-LegacyUncGate,FEN1,47004,42.228851079940796,sum_train_predict_manifest_elapsed,8,192,192,
AIR-LegacyUncGate,FEN1,47005,42.28881859779358,sum_train_predict_manifest_elapsed,8,192,192,
AIR-LegacyUncGate,OPRK1,47001,45.863956451416016,sum_train_predict_manifest_elapsed,8,192,192,
AIR-LegacyUncGate,OPRK1,47002,45.90662670135498,sum_train_predict_manifest_elapsed,8,192,192,
AIR-LegacyUncGate,OPRK1,47003,44.50842595100403,sum_train_predict_manifest_elapsed,8,192,192,
AIR-LegacyUncGate,OPRK1,47004,47.20228123664856,sum_train_predict_manifest_elapsed,8,192,192,
AIR-LegacyUncGate,OPRK1,47005,47.06456804275513,sum_train_predict_manifest_elapsed,8,192,192,
AIR-LegacyUncGate,MTORC1,47001,44.60865330696106,sum_train_predict_manifest_elapsed,8,192,192,
AIR-LegacyUncGate,MTORC1,47002,46.45043063163757,sum_train_predict_manifest_elapsed,8,192,192,
AIR-LegacyUncGate,MTORC1,47003,45.3884437084198,sum_train_predict_manifest_elapsed,8,192,192,
AIR-LegacyUncGate,MTORC1,47004,46.26842188835144,sum_train_predict_manifest_elapsed,8,192,192,
AIR-LegacyUncGate,MTORC1,47005,46.78619575500488,sum_train_predict_manifest_elapsed,8,192,192,
AIR-LegacyUncGate,PKM2,47001,46.274125814437866,sum_train_predict_manifest_elapsed,8,192,192,
AIR-LegacyUncGate,PKM2,47002,44.409515380859375,sum_train_predict_manifest_elapsed,8,192,192,
AIR-LegacyUncGate,PKM2,47003,43.27818536758423,sum_train_predict_manifest_elapsed,8,192,192,
AIR-LegacyUncGate,PKM2,47004,42.36104607582092,sum_train_predict_manifest_elapsed,8,192,192,
AIR-LegacyUncGate,PKM2,47005,42.915170669555664,sum_train_predict_manifest_elapsed,8,192,192,
AIR-LegacyUncGate,GBA,47001,46.25391626358032,sum_train_predict_manifest_elapsed,8,192,192,
AIR-LegacyUncGate,GBA,47002,45.406309843063354,sum_train_predict_manifest_elapsed,8,192,192,
AIR-LegacyUncGate,GBA,47003,45.681538581848145,sum_train_predict_manifest_elapsed,8,192,192,
AIR-LegacyUncGate,GBA,47004,44.72596788406372,sum_train_predict_manifest_elapsed,8,192,192,
AIR-LegacyUncGate,GBA,47005,45.508668184280396,sum_train_predict_manifest_elapsed,8,192,192,
AIR-LegacyUncGate,IDH1,47001,45.54503798484802,sum_train_predict_manifest_elapsed,8,192,192,
AIR-LegacyUncGate,IDH1,47002,44.55888342857361,sum_train_predict_manifest_elapsed,8,192,192,
AIR-LegacyUncGate,IDH1,47003,43.995116233825684,sum_train_predict_manifest_elapsed,8,192,192,
AIR-LegacyUncGate,IDH1,47004,43.53651547431946,sum_train_predict_manifest_elapsed,8,192,192,
AIR-LegacyUncGate,IDH1,47005,41.86301827430725,sum_train_predict_manifest_elapsed,8,192,192,
AIR-LegacyUncGate,MAPK1,47001,41.68725514411926,sum_train_predict_manifest_elapsed,8,192,192,
AIR-LegacyUncGate,MAPK1,47002,41.50426506996155,sum_train_predict_manifest_elapsed,8,192,192,
AIR-LegacyUncGate,MAPK1,47003,41.557406425476074,sum_train_predict_manifest_elapsed,8,192,192,
AIR-LegacyUncGate,MAPK1,47004,41.761112451553345,sum_train_predict_manifest_elapsed,8,192,192,
AIR-LegacyUncGate,MAPK1,47005,41.904178857803345,sum_train_predict_manifest_elapsed,8,192,192,
AIR-LegacyUncGate,ADRB2,47001,44.065823554992676,sum_train_predict_manifest_elapsed,8,192,192,
AIR-LegacyUncGate,ADRB2,47002,45.08243799209595,sum_train_predict_manifest_elapsed,8,192,192,
AIR-LegacyUncGate,ADRB2,47003,46.14763593673706,sum_train_predict_manifest_elapsed,8,192,192,
AIR-LegacyUncGate,ADRB2,47004,45.17726516723633,sum_train_predict_manifest_elapsed,8,192,192,
AIR-LegacyUncGate,ADRB2,47005,45.13778638839722,sum_train_predict_manifest_elapsed,8,192,192,
AIR-SimGate-v2,GBA,47001,38.19739818572998,sum_train_predict_manifest_elapsed,8,192,192,
AIR-SimGate-v2,GBA,47002,41.37213921546936,sum_train_predict_manifest_elapsed,8,192,192,
AIR-SimGate-v2,GBA,47003,39.519959449768066,sum_train_predict_manifest_elapsed,8,192,192,
AIR-SimGate-v2,GBA,47004,39.7203209400177,sum_train_predict_manifest_elapsed,8,192,192,
AIR-SimGate-v2,GBA,47005,40.57153058052063,sum_train_predict_manifest_elapsed,8,192,192,
AIR-SimGate-v2,PKM2,47001,37.82467460632324,sum_train_predict_manifest_elapsed,8,192,192,
AIR-SimGate-v2,PKM2,47002,39.93811225891113,sum_train_predict_manifest_elapsed,8,192,192,
AIR-SimGate-v2,PKM2,47003,40.299381256103516,sum_train_predict_manifest_elapsed,8,192,192,
AIR-SimGate-v2,PKM2,47004,37.979097843170166,sum_train_predict_manifest_elapsed,8,192,192,
AIR-SimGate-v2,PKM2,47005,39.29974412918091,sum_train_predict_manifest_elapsed,8,192,192,
AIR-SimGate-v2,ALDH1,47001,39.310296058654785,sum_train_predict_manifest_elapsed,8,192,192,
AIR-SimGate-v2,ALDH1,47002,41.99125790596008,sum_train_predict_manifest_elapsed,8,192,192,
AIR-SimGate-v2,ALDH1,47003,38.122695207595825,sum_train_predict_manifest_elapsed,8,192,192,
AIR-SimGate-v2,ALDH1,47004,40.10162854194641,sum_train_predict_manifest_elapsed,8,192,192,
AIR-SimGate-v2,ALDH1,47005,40.50200867652893,sum_train_predict_manifest_elapsed,8,192,192,
AIR-SimGate-v2,MAPK1,47001,38.13088893890381,sum_train_predict_manifest_elapsed,8,192,192,
AIR-SimGate-v2,MAPK1,47002,41.40462136268616,sum_train_predict_manifest_elapsed,8,192,192,
AIR-SimGate-v2,MAPK1,47003,40.68598794937134,sum_train_predict_manifest_elapsed,8,192,192,
AIR-SimGate-v2,MAPK1,47004,39.34221887588501,sum_train_predict_manifest_elapsed,8,192,192,
AIR-SimGate-v2,MAPK1,47005,38.77487659454346,sum_train_predict_manifest_elapsed,8,192,192,
AIR-SimGate-v2,VDR,47001,39.247272968292236,sum_train_predict_manifest_elapsed,8,192,192,
AIR-SimGate-v2,VDR,47002,39.89392828941345,sum_train_predict_manifest_elapsed,8,192,192,
AIR-SimGate-v2,VDR,47003,38.57115840911865,sum_train_predict_manifest_elapsed,8,192,192,
AIR-SimGate-v2,VDR,47004,38.810866594314575,sum_train_predict_manifest_elapsed,8,192,192,
AIR-SimGate-v2,VDR,47005,38.55689263343811,sum_train_predict_manifest_elapsed,8,192,192,
AIR-SimGate-v2,FEN1,47001,37.100672483444214,sum_train_predict_manifest_elapsed,8,192,192,
AIR-SimGate-v2,FEN1,47002,40.37177109718323,sum_train_predict_manifest_elapsed,8,192,192,
AIR-SimGate-v2,FEN1,47003,39.507805824279785,sum_train_predict_manifest_elapsed,8,192,192,
AIR-SimGate-v2,FEN1,47004,39.07444930076599,sum_train_predict_manifest_elapsed,8,192,192,
AIR-SimGate-v2,FEN1,47005,39.5132315158844,sum_train_predict_manifest_elapsed,8,192,192,
AIR-SimGate-v2,MTORC1,47001,40.10611176490784,sum_train_predict_manifest_elapsed,8,192,192,
AIR-SimGate-v2,MTORC1,47002,37.842546463012695,sum_train_predict_manifest_elapsed,8,192,192,
AIR-SimGate-v2,MTORC1,47003,38.426414012908936,sum_train_predict_manifest_elapsed,8,192,192,
AIR-SimGate-v2,MTORC1,47004,38.5059597492218,sum_train_predict_manifest_elapsed,8,192,192,
AIR-SimGate-v2,MTORC1,47005,39.660515546798706,sum_train_predict_manifest_elapsed,8,192,192,
AIR-SimGate-v2,IDH1,47001,37.36799597740173,sum_train_predict_manifest_elapsed,8,192,192,
AIR-SimGate-v2,IDH1,47002,40.09649705886841,sum_train_predict_manifest_elapsed,8,192,192,
AIR-SimGate-v2,IDH1,47003,38.30864763259888,sum_train_predict_manifest_elapsed,8,192,192,
AIR-SimGate-v2,IDH1,47004,37.72595191001892,sum_train_predict_manifest_elapsed,8,192,192,
AIR-SimGate-v2,IDH1,47005,38.62598991394043,sum_train_predict_manifest_elapsed,8,192,192,
X4-HitNeighbor,VDR,47001,39.954073905944824,sum_train_predict_manifest_elapsed,8,192,192,
X4-HitNeighbor,VDR,47002,39.05221080780029,sum_train_predict_manifest_elapsed,8,192,192,
X4-HitNeighbor,VDR,47003,39.16630482673645,sum_train_predict_manifest_elapsed,8,192,192,
X4-HitNeighbor,VDR,47004,40.80812668800354,sum_train_predict_manifest_elapsed,8,192,192,
X4-HitNeighbor,VDR,47005,39.478591203689575,sum_train_predict_manifest_elapsed,8,192,192,
X4-HitNeighbor,PKM2,47001,40.82181477546692,sum_train_predict_manifest_elapsed,8,192,192,
X4-HitNeighbor,PKM2,47002,39.93004083633423,sum_train_predict_manifest_elapsed,8,192,192,
X4-HitNeighbor,PKM2,47003,38.69677186012268,sum_train_predict_manifest_elapsed,8,192,192,
X4-HitNeighbor,PKM2,47004,38.006206035614014,sum_train_predict_manifest_elapsed,8,192,192,
X4-HitNeighbor,PKM2,47005,37.813021183013916,sum_train_predict_manifest_elapsed,8,192,192,
X4-HitNeighbor,ALDH1,47001,40.09480881690979,sum_train_predict_manifest_elapsed,8,192,192,
X4-HitNeighbor,ALDH1,47002,38.39723563194275,sum_train_predict_manifest_elapsed,8,192,192,
X4-HitNeighbor,ALDH1,47003,39.6424446105957,sum_train_predict_manifest_elapsed,8,192,192,
X4-HitNeighbor,ALDH1,47004,39.44471788406372,sum_train_predict_manifest_elapsed,8,192,192,
X4-HitNeighbor,ALDH1,47005,38.75308704376221,sum_train_predict_manifest_elapsed,8,192,192,
X4-HitNeighbor,IDH1,47001,37.550950050354004,sum_train_predict_manifest_elapsed,8,192,192,
X4-HitNeighbor,IDH1,47002,37.956125259399414,sum_train_predict_manifest_elapsed,8,192,192,
X4-HitNeighbor,IDH1,47003,37.82999801635742,sum_train_predict_manifest_elapsed,8,192,192,
X4-HitNeighbor,IDH1,47004,39.625673055648804,sum_train_predict_manifest_elapsed,8,192,192,
X4-HitNeighbor,IDH1,47005,37.65866804122925,sum_train_predict_manifest_elapsed,8,192,192,
X4-HitNeighbor,GBA,47001,37.37428283691406,sum_train_predict_manifest_elapsed,8,192,192,
X4-HitNeighbor,GBA,47002,37.03289341926575,sum_train_predict_manifest_elapsed,8,192,192,
X4-HitNeighbor,GBA,47003,37.40553116798401,sum_train_predict_manifest_elapsed,8,192,192,
X4-HitNeighbor,GBA,47004,37.438801288604736,sum_train_predict_manifest_elapsed,8,192,192,
X4-HitNeighbor,GBA,47005,37.66564345359802,sum_train_predict_manifest_elapsed,8,192,192,
X4-HitNeighbor,FEN1,47001,39.9637131690979,sum_train_predict_manifest_elapsed,8,192,192,
X4-HitNeighbor,FEN1,47002,39.24320197105408,sum_train_predict_manifest_elapsed,8,192,192,
X4-HitNeighbor,FEN1,47003,38.62699818611145,sum_train_predict_manifest_elapsed,8,192,192,
X4-HitNeighbor,FEN1,47004,39.077330112457275,sum_train_predict_manifest_elapsed,8,192,192,
X4-HitNeighbor,FEN1,47005,37.297364711761475,sum_train_predict_manifest_elapsed,8,192,192,
X4-HitNeighbor,MTORC1,47001,37.82218146324158,sum_train_predict_manifest_elapsed,8,192,192,
X4-HitNeighbor,MTORC1,47002,36.960192918777466,sum_train_predict_manifest_elapsed,8,192,192,
X4-HitNeighbor,MTORC1,47003,37.64510488510132,sum_train_predict_manifest_elapsed,8,192,192,
X4-HitNeighbor,MTORC1,47004,38.360393047332764,sum_train_predict_manifest_elapsed,8,192,192,
X4-HitNeighbor,MTORC1,47005,37.509047985076904,sum_train_predict_manifest_elapsed,8,192,192,
X4-HitNeighbor,MAPK1,47001,37.837400913238525,sum_train_predict_manifest_elapsed,8,192,192,
X4-HitNeighbor,MAPK1,47002,36.490161418914795,sum_train_predict_manifest_elapsed,8,192,192,
X4-HitNeighbor,MAPK1,47003,36.852591037750244,sum_train_predict_manifest_elapsed,8,192,192,
X4-HitNeighbor,MAPK1,47004,38.01386380195618,sum_train_predict_manifest_elapsed,8,192,192,
X4-HitNeighbor,MAPK1,47005,37.84080672264099,sum_train_predict_manifest_elapsed,8,192,192,
X4-HitNeighbor,ADRB2,47001,38.021114110946655,sum_train_predict_manifest_elapsed,8,192,192,
X4-HitNeighbor,ADRB2,47002,37.69182515144348,sum_train_predict_manifest_elapsed,8,192,192,
X4-HitNeighbor,ADRB2,47003,37.74338245391846,sum_train_predict_manifest_elapsed,8,192,192,
X4-HitNeighbor,ADRB2,47004,36.846261739730835,sum_train_predict_manifest_elapsed,8,192,192,
X4-HitNeighbor,ADRB2,47005,37.631744146347046,sum_train_predict_manifest_elapsed,8,192,192,
X4-HitNeighbor,KAT2A,47001,37.52172040939331,sum_train_predict_manifest_elapsed,8,192,192,
X4-HitNeighbor,KAT2A,47002,37.80596590042114,sum_train_predict_manifest_elapsed,8,192,192,
X4-HitNeighbor,KAT2A,47003,37.4497492313385,sum_train_predict_manifest_elapsed,8,192,192,
X4-HitNeighbor,KAT2A,47004,36.6286780834198,sum_train_predict_manifest_elapsed,8,192,192,
X4-HitNeighbor,KAT2A,47005,37.03114557266235,sum_train_predict_manifest_elapsed,8,192,192,
X4-HitNeighbor,OPRK1,47001,37.13265943527222,sum_train_predict_manifest_elapsed,8,192,192,
X4-HitNeighbor,OPRK1,47002,40.111239194869995,sum_train_predict_manifest_elapsed,8,192,192,
X4-HitNeighbor,OPRK1,47003,38.44610857963562,sum_train_predict_manifest_elapsed,8,192,192,
X4-HitNeighbor,OPRK1,47004,36.76094651222229,sum_train_predict_manifest_elapsed,8,192,192,
X4-HitNeighbor,OPRK1,47005,36.85692262649536,sum_train_predict_manifest_elapsed,8,192,192,
Official-ChemScreener-BalancedRanking,FEN1,47001,27.66991686820984,sum_official_round_elapsed,4,192,192,False
Official-ChemScreener-BalancedRanking,ALDH1,47004,25.619073390960693,sum_official_round_elapsed,4,192,192,False
Official-ChemScreener-BalancedRanking,OPRK1,47004,25.27457308769226,sum_official_round_elapsed,4,192,192,False
Official-ChemScreener-BalancedRanking,ADRB2,47003,23.526005506515503,sum_official_round_elapsed,4,192,192,False
Official-ChemScreener-BalancedRanking,KAT2A,47003,29.482070922851562,sum_official_round_elapsed,4,192,192,False
Official-ChemScreener-BalancedRanking,OPRK1,47002,24.73836922645569,sum_official_round_elapsed,4,192,192,False
Official-ChemScreener-BalancedRanking,IDH1,47003,27.261699676513672,sum_official_round_elapsed,4,192,192,False
Official-ChemScreener-BalancedRanking,ALDH1,47002,23.812814712524414,sum_official_round_elapsed,4,192,192,False
Official-ChemScreener-BalancedRanking,ALDH1,47005,27.4348886013031,sum_official_round_elapsed,4,192,192,False
Official-ChemScreener-BalancedRanking,MTORC1,47001,26.028825998306274,sum_official_round_elapsed,4,192,192,False
Official-ChemScreener-BalancedRanking,PKM2,47005,24.760467052459717,sum_official_round_elapsed,4,192,192,False
Official-ChemScreener-BalancedRanking,MTORC1,47002,25.54320740699768,sum_official_round_elapsed,4,192,192,False
Official-ChemScreener-BalancedRanking,ADRB2,47005,23.58548617362976,sum_official_round_elapsed,4,192,192,False
Official-ChemScreener-BalancedRanking,MAPK1,47004,25.47612428665161,sum_official_round_elapsed,4,192,192,False
Official-ChemScreener-BalancedRanking,OPRK1,47001,26.35388422012329,sum_official_round_elapsed,4,192,192,False
Official-ChemScreener-BalancedRanking,MTORC1,47004,26.46363353729248,sum_official_round_elapsed,4,192,192,False
Official-ChemScreener-BalancedRanking,GBA,47004,25.652421474456787,sum_official_round_elapsed,4,192,192,False
Official-ChemScreener-BalancedRanking,VDR,47001,25.65769386291504,sum_official_round_elapsed,4,192,192,False
Official-ChemScreener-BalancedRanking,PKM2,47003,25.96880865097046,sum_official_round_elapsed,4,192,192,False
Official-ChemScreener-BalancedRanking,KAT2A,47001,28.74292778968811,sum_official_round_elapsed,4,192,192,False
Official-ChemScreener-BalancedRanking,PKM2,47001,26.30245542526245,sum_official_round_elapsed,4,192,192,False
Official-ChemScreener-BalancedRanking,MAPK1,47001,27.941178560256958,sum_official_round_elapsed,4,192,192,False
Official-ChemScreener-BalancedRanking,PKM2,47002,25.47826337814331,sum_official_round_elapsed,4,192,192,False
Official-ChemScreener-BalancedRanking,IDH1,47001,24.736000061035156,sum_official_round_elapsed,4,192,192,False
Official-ChemScreener-BalancedRanking,MAPK1,47003,25.817915201187134,sum_official_round_elapsed,4,192,192,False
Official-ChemScreener-BalancedRanking,ADRB2,47001,24.758435010910034,sum_official_round_elapsed,4,192,192,False
Official-ChemScreener-BalancedRanking,MAPK1,47005,25.53392505645752,sum_official_round_elapsed,4,192,192,False
Official-ChemScreener-BalancedRanking,VDR,47005,24.331135511398315,sum_official_round_elapsed,4,192,192,False
Official-ChemScreener-BalancedRanking,MAPK1,47002,26.170419692993164,sum_official_round_elapsed,4,192,192,False
Official-ChemScreener-BalancedRanking,VDR,47003,25.81391406059265,sum_official_round_elapsed,4,192,192,False
Official-ChemScreener-BalancedRanking,KAT2A,47004,28.269365787506104,sum_official_round_elapsed,4,192,192,False
Official-ChemScreener-BalancedRanking,IDH1,47004,27.529958248138428,sum_official_round_elapsed,4,192,192,False
Official-ChemScreener-BalancedRanking,IDH1,47005,25.662986278533936,sum_official_round_elapsed,4,192,192,False
Official-ChemScreener-BalancedRanking,MTORC1,47005,26.38322925567627,sum_official_round_elapsed,4,192,192,False
Official-ChemScreener-BalancedRanking,FEN1,47005,26.17581820487976,sum_official_round_elapsed,4,192,192,False
Official-ChemScreener-BalancedRanking,ALDH1,47003,23.933679342269897,sum_official_round_elapsed,4,192,192,False
Official-ChemScreener-BalancedRanking,VDR,47004,27.383627891540527,sum_official_round_elapsed,4,192,192,False
Official-ChemScreener-BalancedRanking,IDH1,47002,25.381396770477295,sum_official_round_elapsed,4,192,192,False
Official-ChemScreener-BalancedRanking,KAT2A,47002,27.422271013259888,sum_official_round_elapsed,4,192,192,False
Official-ChemScreener-BalancedRanking,OPRK1,47005,26.06812620162964,sum_official_round_elapsed,4,192,192,False
Official-ChemScreener-BalancedRanking,GBA,47002,28.1180157661438,sum_official_round_elapsed,4,192,192,False
Official-ChemScreener-BalancedRanking,GBA,47001,28.289063930511475,sum_official_round_elapsed,4,192,192,False
Official-ChemScreener-BalancedRanking,FEN1,47004,25.417314529418945,sum_official_round_elapsed,4,192,192,False
Official-ChemScreener-BalancedRanking,GBA,47003,26.97041392326355,sum_official_round_elapsed,4,192,192,False
Official-ChemScreener-BalancedRanking,GBA,47005,25.534788846969604,sum_official_round_elapsed,4,192,192,False
Official-ChemScreener-BalancedRanking,MTORC1,47003,26.696484327316284,sum_official_round_elapsed,4,192,192,False
Official-ChemScreener-BalancedRanking,FEN1,47003,26.81755042076111,sum_official_round_elapsed,4,192,192,False
Official-ChemScreener-BalancedRanking,OPRK1,47003,25.91641139984131,sum_official_round_elapsed,4,192,192,False
Official-ChemScreener-BalancedRanking,ADRB2,47004,23.090102195739746,sum_official_round_elapsed,4,192,192,False
Official-ChemScreener-BalancedRanking,PKM2,47004,25.935574054718018,sum_official_round_elapsed,4,192,192,False
Official-ChemScreener-BalancedRanking,ADRB2,47002,24.56205415725708,sum_official_round_elapsed,4,192,192,False
Official-ChemScreener-BalancedRanking,ALDH1,47001,23.976343393325806,sum_official_round_elapsed,4,192,192,False
Official-ChemScreener-BalancedRanking,FEN1,47002,25.741106033325195,sum_official_round_elapsed,4,192,192,False
Official-ChemScreener-BalancedRanking,KAT2A,47005,26.230290412902832,sum_official_round_elapsed,4,192,192,False
Official-ChemScreener-BalancedRanking,VDR,47002,25.923398971557617,sum_official_round_elapsed,4,192,192,False
Official-GLARE-ginl-grpo-air100k,ADRB2,47001,64.011,wall_time_batch_child_process,1,192,192,False
Official-GLARE-ginl-grpo-air100k,ADRB2,47002,64.011,wall_time_batch_child_process,1,192,192,False
Official-GLARE-ginl-grpo-air100k,ADRB2,47003,60.018,wall_time_batch_child_process,1,192,192,False
Official-GLARE-ginl-grpo-air100k,ADRB2,47004,54.015,wall_time_batch_child_process,1,192,192,False
Official-GLARE-ginl-grpo-air100k,ADRB2,47005,72.012,wall_time_batch_child_process,1,192,192,False
Official-GLARE-ginl-grpo-air100k,ALDH1,47001,62.026,wall_time_batch_child_process,1,192,192,False
Official-GLARE-ginl-grpo-air100k,ALDH1,47002,66.027,wall_time_batch_child_process,1,192,192,False
Official-GLARE-ginl-grpo-air100k,ALDH1,47003,56.013,wall_time_batch_child_process,1,192,192,False
Official-GLARE-ginl-grpo-air100k,ALDH1,47004,52.008,wall_time_batch_child_process,1,192,192,False
Official-GLARE-ginl-grpo-air100k,ALDH1,47005,50.006,wall_time_batch_child_process,1,192,192,False
Official-GLARE-ginl-grpo-air100k,FEN1,47001,52.007,wall_time_batch_child_process,1,192,192,False
Official-GLARE-ginl-grpo-air100k,FEN1,47002,52.006,wall_time_batch_child_process,1,192,192,False
Official-GLARE-ginl-grpo-air100k,FEN1,47003,80.016,wall_time_batch_child_process,1,192,192,False
Official-GLARE-ginl-grpo-air100k,FEN1,47004,84.016,wall_time_batch_child_process,1,192,192,False
Official-GLARE-ginl-grpo-air100k,FEN1,47005,80.012,wall_time_batch_child_process,1,192,192,False
Official-GLARE-ginl-grpo-air100k,GBA,47001,50.007,wall_time_batch_child_process,1,192,192,False
Official-GLARE-ginl-grpo-air100k,GBA,47002,50.006,wall_time_batch_child_process,1,192,192,False
Official-GLARE-ginl-grpo-air100k,GBA,47003,50.005,wall_time_batch_child_process,1,192,192,False
Official-GLARE-ginl-grpo-air100k,GBA,47004,50.005,wall_time_batch_child_process,1,192,192,False
Official-GLARE-ginl-grpo-air100k,GBA,47005,50.005,wall_time_batch_child_process,1,192,192,False
Official-GLARE-ginl-grpo-air100k,IDH1,47001,50.007,wall_time_batch_child_process,1,192,192,False
Official-GLARE-ginl-grpo-air100k,IDH1,47002,50.006,wall_time_batch_child_process,1,192,192,False
Official-GLARE-ginl-grpo-air100k,IDH1,47003,52.006,wall_time_batch_child_process,1,192,192,False
Official-GLARE-ginl-grpo-air100k,IDH1,47004,54.007,wall_time_batch_child_process,1,192,192,False
Official-GLARE-ginl-grpo-air100k,IDH1,47005,50.006,wall_time_batch_child_process,1,192,192,False
Official-GLARE-ginl-grpo-air100k,KAT2A,47001,50.006,wall_time_batch_child_process,1,192,192,False
Official-GLARE-ginl-grpo-air100k,KAT2A,47002,50.006,wall_time_batch_child_process,1,192,192,False
Official-GLARE-ginl-grpo-air100k,KAT2A,47003,58.008,wall_time_batch_child_process,1,192,192,False
Official-GLARE-ginl-grpo-air100k,KAT2A,47004,50.005,wall_time_batch_child_process,1,192,192,False
Official-GLARE-ginl-grpo-air100k,KAT2A,47005,50.006,wall_time_batch_child_process,1,192,192,False
Official-GLARE-ginl-grpo-air100k,MAPK1,47001,28.004,wall_time_batch_child_process,1,192,192,False
Official-GLARE-ginl-grpo-air100k,MAPK1,47002,28.004,wall_time_batch_child_process,1,192,192,False
Official-GLARE-ginl-grpo-air100k,MAPK1,47003,28.004,wall_time_batch_child_process,1,192,192,False
Official-GLARE-ginl-grpo-air100k,MAPK1,47004,28.003,wall_time_batch_child_process,1,192,192,False
Official-GLARE-ginl-grpo-air100k,MAPK1,47005,28.003,wall_time_batch_child_process,1,192,192,False
Official-GLARE-ginl-grpo-air100k,MTORC1,47001,18.003,wall_time_batch_child_process,1,192,192,False
Official-GLARE-ginl-grpo-air100k,MTORC1,47002,18.002,wall_time_batch_child_process,1,192,192,False
Official-GLARE-ginl-grpo-air100k,MTORC1,47003,20.005,wall_time_batch_child_process,1,192,192,False
Official-GLARE-ginl-grpo-air100k,MTORC1,47004,18.002,wall_time_batch_child_process,1,192,192,False
Official-GLARE-ginl-grpo-air100k,MTORC1,47005,18.003,wall_time_batch_child_process,1,192,192,False
Official-GLARE-ginl-grpo-air100k,OPRK1,47001,52.008,wall_time_batch_child_process,1,192,192,False
Official-GLARE-ginl-grpo-air100k,OPRK1,47002,50.006,wall_time_batch_child_process,1,192,192,False
Official-GLARE-ginl-grpo-air100k,OPRK1,47003,50.007,wall_time_batch_child_process,1,192,192,False
Official-GLARE-ginl-grpo-air100k,OPRK1,47004,50.007,wall_time_batch_child_process,1,192,192,False
Official-GLARE-ginl-grpo-air100k,OPRK1,47005,50.005,wall_time_batch_child_process,1,192,192,False
Official-GLARE-ginl-grpo-air100k,PKM2,47001,108.044,wall_time_batch_child_process,1,192,192,False
Official-GLARE-ginl-grpo-air100k,PKM2,47002,106.038,wall_time_batch_child_process,1,192,192,False
Official-GLARE-ginl-grpo-air100k,PKM2,47003,100.027,wall_time_batch_child_process,1,192,192,False
Official-GLARE-ginl-grpo-air100k,PKM2,47004,102.028,wall_time_batch_child_process,1,192,192,False
Official-GLARE-ginl-grpo-air100k,PKM2,47005,58.009,wall_time_batch_child_process,1,192,192,False
Official-GLARE-ginl-grpo-air100k,VDR,47001,50.006,wall_time_batch_child_process,1,192,192,False
Official-GLARE-ginl-grpo-air100k,VDR,47002,50.006,wall_time_batch_child_process,1,192,192,False
Official-GLARE-ginl-grpo-air100k,VDR,47003,50.005,wall_time_batch_child_process,1,192,192,False
Official-GLARE-ginl-grpo-air100k,VDR,47004,54.006,wall_time_batch_child_process,1,192,192,False
Official-GLARE-ginl-grpo-air100k,VDR,47005,50.005,wall_time_batch_child_process,1,192,192,False
Official-AC-Active-ginl-cliff-air100k,ADRB2,47001,64.009,wall_time_batch_child_process,1,192,192,False
Official-AC-Active-ginl-cliff-air100k,ADRB2,47002,54.015,wall_time_batch_child_process,1,192,192,False
Official-AC-Active-ginl-cliff-air100k,ADRB2,47003,70.012,wall_time_batch_child_process,1,192,192,False
Official-AC-Active-ginl-cliff-air100k,ADRB2,47004,74.014,wall_time_batch_child_process,1,192,192,False
Official-AC-Active-ginl-cliff-air100k,ADRB2,47005,62.01,wall_time_batch_child_process,1,192,192,False
Official-AC-Active-ginl-cliff-air100k,ALDH1,47001,52.006,wall_time_batch_child_process,1,192,192,False
Official-AC-Active-ginl-cliff-air100k,ALDH1,47002,54.01,wall_time_batch_child_process,1,192,192,False
Official-AC-Active-ginl-cliff-air100k,ALDH1,47003,48.005,wall_time_batch_child_process,1,192,192,False
Official-AC-Active-ginl-cliff-air100k,ALDH1,47004,48.004,wall_time_batch_child_process,1,192,192,False
Official-AC-Active-ginl-cliff-air100k,ALDH1,47005,48.004,wall_time_batch_child_process,1,192,192,False
Official-AC-Active-ginl-cliff-air100k,FEN1,47001,88.017,wall_time_batch_child_process,1,192,192,False
Official-AC-Active-ginl-cliff-air100k,FEN1,47002,64.007,wall_time_batch_child_process,1,192,192,False
Official-AC-Active-ginl-cliff-air100k,FEN1,47003,50.006,wall_time_batch_child_process,1,192,192,False
Official-AC-Active-ginl-cliff-air100k,FEN1,47004,50.005,wall_time_batch_child_process,1,192,192,False
Official-AC-Active-ginl-cliff-air100k,FEN1,47005,54.006,wall_time_batch_child_process,1,192,192,False
Official-AC-Active-ginl-cliff-air100k,GBA,47001,50.005,wall_time_batch_child_process,1,192,192,False
Official-AC-Active-ginl-cliff-air100k,GBA,47002,48.005,wall_time_batch_child_process,1,192,192,False
Official-AC-Active-ginl-cliff-air100k,GBA,47003,50.005,wall_time_batch_child_process,1,192,192,False
Official-AC-Active-ginl-cliff-air100k,GBA,47004,50.005,wall_time_batch_child_process,1,192,192,False
Official-AC-Active-ginl-cliff-air100k,GBA,47005,48.004,wall_time_batch_child_process,1,192,192,False
Official-AC-Active-ginl-cliff-air100k,IDH1,47001,50.006,wall_time_batch_child_process,1,192,192,False
Official-AC-Active-ginl-cliff-air100k,IDH1,47002,50.005,wall_time_batch_child_process,1,192,192,False
Official-AC-Active-ginl-cliff-air100k,IDH1,47003,48.005,wall_time_batch_child_process,1,192,192,False
Official-AC-Active-ginl-cliff-air100k,IDH1,47004,48.005,wall_time_batch_child_process,1,192,192,False
Official-AC-Active-ginl-cliff-air100k,IDH1,47005,50.005,wall_time_batch_child_process,1,192,192,False
Official-AC-Active-ginl-cliff-air100k,KAT2A,47001,48.005,wall_time_batch_child_process,1,192,192,False
Official-AC-Active-ginl-cliff-air100k,KAT2A,47002,48.004,wall_time_batch_child_process,1,192,192,False
Official-AC-Active-ginl-cliff-air100k,KAT2A,47003,52.006,wall_time_batch_child_process,1,192,192,False
Official-AC-Active-ginl-cliff-air100k,KAT2A,47004,52.006,wall_time_batch_child_process,1,192,192,False
Official-AC-Active-ginl-cliff-air100k,KAT2A,47005,50.005,wall_time_batch_child_process,1,192,192,False
Official-AC-Active-ginl-cliff-air100k,MAPK1,47001,28.003,wall_time_batch_child_process,1,192,192,False
Official-AC-Active-ginl-cliff-air100k,MAPK1,47002,28.003,wall_time_batch_child_process,1,192,192,False
Official-AC-Active-ginl-cliff-air100k,MAPK1,47003,26.003,wall_time_batch_child_process,1,192,192,False
Official-AC-Active-ginl-cliff-air100k,MAPK1,47004,28.003,wall_time_batch_child_process,1,192,192,False
Official-AC-Active-ginl-cliff-air100k,MAPK1,47005,28.003,wall_time_batch_child_process,1,192,192,False
Official-AC-Active-ginl-cliff-air100k,MTORC1,47001,18.002,wall_time_batch_child_process,1,192,192,False
Official-AC-Active-ginl-cliff-air100k,MTORC1,47002,18.002,wall_time_batch_child_process,1,192,192,False
Official-AC-Active-ginl-cliff-air100k,MTORC1,47003,18.002,wall_time_batch_child_process,1,192,192,False
Official-AC-Active-ginl-cliff-air100k,MTORC1,47004,18.002,wall_time_batch_child_process,1,192,192,False
Official-AC-Active-ginl-cliff-air100k,MTORC1,47005,18.002,wall_time_batch_child_process,1,192,192,False
Official-AC-Active-ginl-cliff-air100k,OPRK1,47001,48.005,wall_time_batch_child_process,1,192,192,False
Official-AC-Active-ginl-cliff-air100k,OPRK1,47002,48.005,wall_time_batch_child_process,1,192,192,False
Official-AC-Active-ginl-cliff-air100k,OPRK1,47003,48.005,wall_time_batch_child_process,1,192,192,False
Official-AC-Active-ginl-cliff-air100k,OPRK1,47004,48.005,wall_time_batch_child_process,1,192,192,False
Official-AC-Active-ginl-cliff-air100k,OPRK1,47005,48.005,wall_time_batch_child_process,1,192,192,False
Official-AC-Active-ginl-cliff-air100k,PKM2,47001,54.01,wall_time_batch_child_process,1,192,192,False
Official-AC-Active-ginl-cliff-air100k,PKM2,47002,56.011,wall_time_batch_child_process,1,192,192,False
Official-AC-Active-ginl-cliff-air100k,PKM2,47003,50.006,wall_time_batch_child_process,1,192,192,False
Official-AC-Active-ginl-cliff-air100k,PKM2,47004,50.006,wall_time_batch_child_process,1,192,192,False
Official-AC-Active-ginl-cliff-air100k,PKM2,47005,52.006,wall_time_batch_child_process,1,192,192,False
Official-AC-Active-ginl-cliff-air100k,VDR,47001,48.005,wall_time_batch_child_process,1,192,192,False
Official-AC-Active-ginl-cliff-air100k,VDR,47002,50.005,wall_time_batch_child_process,1,192,192,False
Official-AC-Active-ginl-cliff-air100k,VDR,47003,48.005,wall_time_batch_child_process,1,192,192,False
Official-AC-Active-ginl-cliff-air100k,VDR,47004,48.005,wall_time_batch_child_process,1,192,192,False
Official-AC-Active-ginl-cliff-air100k,VDR,47005,50.006,wall_time_batch_child_process,1,192,192,False
