status,assay,split_seed,n_after_invalid_smiles_filter,n_invalid_smiles_filtered,screen_size_requested,test_size_requested,usage,seconds_total,created_at
done,ADRB2,42,311848,80,100000,20000,"{'screen': {'n': 100000, 'active': 5, 'graphs2_bytes': 2193474682, 'seconds': 79.874}, 'test': {'n': 20000, 'active': 1, 'graphs2_bytes': 438034490, 'seconds': 15.086}}",589.367,2026-09-30T10:52:30+0800
done,ALDH1,42,142812,40,100000,20000,"{'screen': {'n': 100000, 'active': 4985, 'graphs2_bytes': 2124022330, 'seconds': 95.742}, 'test': {'n': 20000, 'active': 997, 'graphs2_bytes': 423725818, 'seconds': 20.367}}",637.804,2026-09-30T11:03:07+0800
done,FEN1,42,351352,93,100000,20000,"{'screen': {'n': 100000, 'active': 100, 'graphs2_bytes': 2211268858, 'seconds': 81.995}, 'test': {'n': 20000, 'active': 20, 'graphs2_bytes': 441948730, 'seconds': 14.831}}",709.32,2026-09-30T11:14:58+0800
done,GBA,42,291829,77,100000,20000,"{'screen': {'n': 100000, 'active': 55, 'graphs2_bytes': 2176826874, 'seconds': 77.071}, 'test': {'n': 20000, 'active': 11, 'graphs2_bytes': 435604730, 'seconds': 15.303}}",644.979,2026-09-30T11:25:43+0800
done,IDH1,42,359010,92,100000,20000,"{'screen': {'n': 100000, 'active': 11, 'graphs2_bytes': 2216513210, 'seconds': 78.469}, 'test': {'n': 20000, 'active': 2, 'graphs2_bytes': 443822458, 'seconds': 13.871}}",617.173,2026-09-30T11:36:00+0800
done,KAT2A,42,343351,80,100000,20000,"{'screen': {'n': 100000, 'active': 54, 'graphs2_bytes': 2216307514, 'seconds': 78.255}, 'test': {'n': 20000, 'active': 11, 'graphs2_bytes': 443311802, 'seconds': 14.361}}",607.739,2026-09-30T11:46:08+0800
done,MAPK1,42,61952,36,100000,20000,"{'screen': {'n': 49562, 'active': 242, 'graphs2_bytes': 1059947152, 'seconds': 38.204}, 'test': {'n': 12390, 'active': 60, 'graphs2_bytes': 265583098, 'seconds': 9.072}}",274.17,2026-09-30T11:50:42+0800
done,MTORC1,42,33069,0,100000,20000,"{'screen': {'n': 26455, 'active': 78, 'graphs2_bytes': 650399547, 'seconds': 20.451}, 'test': {'n': 6614, 'active': 19, 'graphs2_bytes': 162519610, 'seconds': 4.961}}",154.329,2026-09-30T11:53:17+0800
done,OPRK1,42,269525,78,100000,20000,"{'screen': {'n': 100000, 'active': 9, 'graphs2_bytes': 2169004474, 'seconds': 73.893}, 'test': {'n': 20000, 'active': 2, 'graphs2_bytes': 434134458, 'seconds': 13.5}}",550.042,2026-09-30T12:02:27+0800
done,VDR,42,350266,73,100000,20000,"{'screen': {'n': 100000, 'active': 238, 'graphs2_bytes': 2215324986, 'seconds': 76.22}, 'test': {'n': 20000, 'active': 48, 'graphs2_bytes': 442833018, 'seconds': 14.323}}",611.884,2026-09-30T12:12:39+0800
