Q,assay,method_label,n_seeds,mean_hits,std_hits,values,all_budget_ok,effective_Q_values,effective_Q_capped,complete_5seed,baseline_group,provenance
48,ADRB2,AIR-LegacyUncGate,5,1.0,0.0,1 1 1 1 1,True,48,False,True,Ours,"self-rerun same split/seeds under Q=48, B1=48; CPU resume-enabled queue"
48,ADRB2,AIR-SimGate-v2,5,1.0,0.0,1 1 1 1 1,True,48,False,True,AIR-family mechanism competitor,"self-rerun same split/seeds under Q=48, B1=48; CPU resume-enabled queue"
48,ADRB2,X0-Random,5,1.0,0.0,1 1 1 1 1,True,48,False,True,Classic method,"self-rerun same split/seeds under Q=48, B1=48; CPU resume-enabled queue"
48,ADRB2,X4-HitNeighbor,5,1.2,0.4472135954999579,1 1 1 2 1,True,48,False,True,Strong non-gated heuristic / direct neighbor baseline,"self-rerun same split/seeds under Q=48, B1=48; CPU resume-enabled queue"
48,ALDH1,AIR-LegacyUncGate,5,4.0,0.7071067811865476,5 4 3 4 4,True,48,False,True,Ours,"self-rerun same split/seeds under Q=48, B1=48; CPU resume-enabled queue"
48,ALDH1,AIR-SimGate-v2,5,4.0,0.7071067811865476,5 4 3 4 4,True,48,False,True,AIR-family mechanism competitor,"self-rerun same split/seeds under Q=48, B1=48; CPU resume-enabled queue"
48,ALDH1,X0-Random,5,2.4,1.140175425099138,2 4 2 3 1,True,48,False,True,Classic method,"self-rerun same split/seeds under Q=48, B1=48; CPU resume-enabled queue"
48,ALDH1,X4-HitNeighbor,5,2.2,1.0954451150103321,2 2 1 4 2,True,48,False,True,Strong non-gated heuristic / direct neighbor baseline,"self-rerun same split/seeds under Q=48, B1=48; CPU resume-enabled queue"
48,FEN1,AIR-LegacyUncGate,5,1.0,0.0,1 1 1 1 1,True,48,False,True,Ours,"self-rerun same split/seeds under Q=48, B1=48; CPU resume-enabled queue"
48,FEN1,AIR-SimGate-v2,5,1.0,0.0,1 1 1 1 1,True,48,False,True,AIR-family mechanism competitor,"self-rerun same split/seeds under Q=48, B1=48; CPU resume-enabled queue"
48,FEN1,X0-Random,5,1.0,0.0,1 1 1 1 1,True,48,False,True,Classic method,"self-rerun same split/seeds under Q=48, B1=48; CPU resume-enabled queue"
48,FEN1,X4-HitNeighbor,5,1.2,0.4472135954999579,1 1 1 1 2,True,48,False,True,Strong non-gated heuristic / direct neighbor baseline,"self-rerun same split/seeds under Q=48, B1=48; CPU resume-enabled queue"
48,GBA,AIR-LegacyUncGate,5,1.0,0.0,1 1 1 1 1,True,48,False,True,Ours,"self-rerun same split/seeds under Q=48, B1=48; CPU resume-enabled queue"
48,GBA,AIR-SimGate-v2,5,1.0,0.0,1 1 1 1 1,True,48,False,True,AIR-family mechanism competitor,"self-rerun same split/seeds under Q=48, B1=48; CPU resume-enabled queue"
48,GBA,X0-Random,5,1.0,0.0,1 1 1 1 1,True,48,False,True,Classic method,"self-rerun same split/seeds under Q=48, B1=48; CPU resume-enabled queue"
48,GBA,X4-HitNeighbor,5,1.8,1.0954451150103324,1 3 1 1 3,True,48,False,True,Strong non-gated heuristic / direct neighbor baseline,"self-rerun same split/seeds under Q=48, B1=48; CPU resume-enabled queue"
48,IDH1,AIR-LegacyUncGate,5,1.0,0.0,1 1 1 1 1,True,48,False,True,Ours,"self-rerun same split/seeds under Q=48, B1=48; CPU resume-enabled queue"
48,IDH1,AIR-SimGate-v2,5,1.0,0.0,1 1 1 1 1,True,48,False,True,AIR-family mechanism competitor,"self-rerun same split/seeds under Q=48, B1=48; CPU resume-enabled queue"
48,IDH1,X0-Random,5,1.0,0.0,1 1 1 1 1,True,48,False,True,Classic method,"self-rerun same split/seeds under Q=48, B1=48; CPU resume-enabled queue"
48,IDH1,X4-HitNeighbor,5,1.2,0.44721359549995804,1 2 1 1 1,True,48,False,True,Strong non-gated heuristic / direct neighbor baseline,"self-rerun same split/seeds under Q=48, B1=48; CPU resume-enabled queue"
48,KAT2A,AIR-LegacyUncGate,5,1.2,0.44721359549995804,2 1 1 1 1,True,48,False,True,Ours,"self-rerun same split/seeds under Q=48, B1=48; CPU resume-enabled queue"
48,KAT2A,AIR-SimGate-v2,5,1.2,0.44721359549995804,2 1 1 1 1,True,48,False,True,AIR-family mechanism competitor,"self-rerun same split/seeds under Q=48, B1=48; CPU resume-enabled queue"
48,KAT2A,X0-Random,5,1.0,0.0,1 1 1 1 1,True,48,False,True,Classic method,"self-rerun same split/seeds under Q=48, B1=48; CPU resume-enabled queue"
48,KAT2A,X4-HitNeighbor,5,1.0,0.0,1 1 1 1 1,True,48,False,True,Strong non-gated heuristic / direct neighbor baseline,"self-rerun same split/seeds under Q=48, B1=48; CPU resume-enabled queue"
48,MAPK1,AIR-LegacyUncGate,5,1.0,0.0,1 1 1 1 1,True,48,False,True,Ours,"self-rerun same split/seeds under Q=48, B1=48; CPU resume-enabled queue"
48,MAPK1,AIR-SimGate-v2,5,1.0,0.0,1 1 1 1 1,True,48,False,True,AIR-family mechanism competitor,"self-rerun same split/seeds under Q=48, B1=48; CPU resume-enabled queue"
48,MAPK1,X0-Random,5,1.2,0.4472135954999579,1 1 1 1 2,True,48,False,True,Classic method,"self-rerun same split/seeds under Q=48, B1=48; CPU resume-enabled queue"
48,MAPK1,X4-HitNeighbor,5,1.0,0.0,1 1 1 1 1,True,48,False,True,Strong non-gated heuristic / direct neighbor baseline,"self-rerun same split/seeds under Q=48, B1=48; CPU resume-enabled queue"
48,MTORC1,AIR-LegacyUncGate,5,3.2,0.4472135954999579,3 3 3 3 4,True,48,False,True,Ours,"self-rerun same split/seeds under Q=48, B1=48; CPU resume-enabled queue"
48,MTORC1,AIR-SimGate-v2,5,3.2,0.4472135954999579,3 3 3 3 4,True,48,False,True,AIR-family mechanism competitor,"self-rerun same split/seeds under Q=48, B1=48; CPU resume-enabled queue"
48,MTORC1,X0-Random,5,1.0,0.0,1 1 1 1 1,True,48,False,True,Classic method,"self-rerun same split/seeds under Q=48, B1=48; CPU resume-enabled queue"
48,MTORC1,X4-HitNeighbor,5,1.4,0.5477225575051661,1 2 1 1 2,True,48,False,True,Strong non-gated heuristic / direct neighbor baseline,"self-rerun same split/seeds under Q=48, B1=48; CPU resume-enabled queue"
48,OPRK1,AIR-LegacyUncGate,5,1.0,0.0,1 1 1 1 1,True,48,False,True,Ours,"self-rerun same split/seeds under Q=48, B1=48; CPU resume-enabled queue"
48,OPRK1,AIR-SimGate-v2,5,1.0,0.0,1 1 1 1 1,True,48,False,True,AIR-family mechanism competitor,"self-rerun same split/seeds under Q=48, B1=48; CPU resume-enabled queue"
48,OPRK1,X0-Random,5,1.0,0.0,1 1 1 1 1,True,48,False,True,Classic method,"self-rerun same split/seeds under Q=48, B1=48; CPU resume-enabled queue"
48,OPRK1,X4-HitNeighbor,5,1.8,1.30384048104053,4 2 1 1 1,True,48,False,True,Strong non-gated heuristic / direct neighbor baseline,"self-rerun same split/seeds under Q=48, B1=48; CPU resume-enabled queue"
48,PKM2,AIR-LegacyUncGate,5,1.0,0.0,1 1 1 1 1,True,48,False,True,Ours,"self-rerun same split/seeds under Q=48, B1=48; CPU resume-enabled queue"
48,PKM2,AIR-SimGate-v2,5,1.0,0.0,1 1 1 1 1,True,48,False,True,AIR-family mechanism competitor,"self-rerun same split/seeds under Q=48, B1=48; CPU resume-enabled queue"
48,PKM2,X0-Random,5,1.0,0.0,1 1 1 1 1,True,48,False,True,Classic method,"self-rerun same split/seeds under Q=48, B1=48; CPU resume-enabled queue"
48,PKM2,X4-HitNeighbor,5,1.2,0.4472135954999579,1 1 1 1 2,True,48,False,True,Strong non-gated heuristic / direct neighbor baseline,"self-rerun same split/seeds under Q=48, B1=48; CPU resume-enabled queue"
48,VDR,AIR-LegacyUncGate,5,2.0,0.0,2 2 2 2 2,True,48,False,True,Ours,"self-rerun same split/seeds under Q=48, B1=48; CPU resume-enabled queue"
48,VDR,AIR-SimGate-v2,5,2.0,0.0,2 2 2 2 2,True,48,False,True,AIR-family mechanism competitor,"self-rerun same split/seeds under Q=48, B1=48; CPU resume-enabled queue"
48,VDR,X0-Random,5,1.0,0.0,1 1 1 1 1,True,48,False,True,Classic method,"self-rerun same split/seeds under Q=48, B1=48; CPU resume-enabled queue"
48,VDR,X4-HitNeighbor,5,1.0,0.0,1 1 1 1 1,True,48,False,True,Strong non-gated heuristic / direct neighbor baseline,"self-rerun same split/seeds under Q=48, B1=48; CPU resume-enabled queue"
96,ADRB2,AIR-LegacyUncGate,5,1.0,0.0,1 1 1 1 1,True,96,False,True,Ours,"self-rerun same split/seeds under Q=96, B1=96; CPU resume-enabled queue"
96,ADRB2,AIR-SimGate-v2,5,1.0,0.0,1 1 1 1 1,True,96,False,True,AIR-family mechanism competitor,"self-rerun same split/seeds under Q=96, B1=96; CPU resume-enabled queue"
96,ADRB2,X0-Random,5,1.0,0.0,1 1 1 1 1,True,96,False,True,Classic method,"self-rerun same split/seeds under Q=96, B1=96; CPU resume-enabled queue"
96,ADRB2,X4-HitNeighbor,5,1.2,0.4472135954999579,1 1 1 2 1,True,96,False,True,Strong non-gated heuristic / direct neighbor baseline,"self-rerun same split/seeds under Q=96, B1=96; CPU resume-enabled queue"
96,ALDH1,AIR-LegacyUncGate,5,5.8,2.588435821108957,2 9 5 6 7,True,96,False,True,Ours,"self-rerun same split/seeds under Q=96, B1=96; CPU resume-enabled queue"
96,ALDH1,AIR-SimGate-v2,5,5.8,2.588435821108957,2 9 5 6 7,True,96,False,True,AIR-family mechanism competitor,"self-rerun same split/seeds under Q=96, B1=96; CPU resume-enabled queue"
96,ALDH1,X0-Random,5,4.4,1.6733200530681511,4 4 6 2 6,True,96,False,True,Classic method,"self-rerun same split/seeds under Q=96, B1=96; CPU resume-enabled queue"
96,ALDH1,X4-HitNeighbor,5,4.8,3.8340579025361627,2 11 2 6 3,True,96,False,True,Strong non-gated heuristic / direct neighbor baseline,"self-rerun same split/seeds under Q=96, B1=96; CPU resume-enabled queue"
96,FEN1,AIR-LegacyUncGate,5,1.2,0.4472135954999579,1 1 1 1 2,True,96,False,True,Ours,"self-rerun same split/seeds under Q=96, B1=96; CPU resume-enabled queue"
96,FEN1,AIR-SimGate-v2,5,1.2,0.4472135954999579,1 1 1 1 2,True,96,False,True,AIR-family mechanism competitor,"self-rerun same split/seeds under Q=96, B1=96; CPU resume-enabled queue"
96,FEN1,X0-Random,5,1.0,0.0,1 1 1 1 1,True,96,False,True,Classic method,"self-rerun same split/seeds under Q=96, B1=96; CPU resume-enabled queue"
96,FEN1,X4-HitNeighbor,5,2.0,1.4142135623730951,1 1 1 4 3,True,96,False,True,Strong non-gated heuristic / direct neighbor baseline,"self-rerun same split/seeds under Q=96, B1=96; CPU resume-enabled queue"
96,GBA,AIR-LegacyUncGate,5,1.2,0.44721359549995804,1 2 1 1 1,True,96,False,True,Ours,"self-rerun same split/seeds under Q=96, B1=96; CPU resume-enabled queue"
96,GBA,AIR-SimGate-v2,5,1.2,0.44721359549995804,1 2 1 1 1,True,96,False,True,AIR-family mechanism competitor,"self-rerun same split/seeds under Q=96, B1=96; CPU resume-enabled queue"
96,GBA,X0-Random,5,1.0,0.0,1 1 1 1 1,True,96,False,True,Classic method,"self-rerun same split/seeds under Q=96, B1=96; CPU resume-enabled queue"
96,GBA,X4-HitNeighbor,5,4.4,4.505552130427524,1 4 1 4 12,True,96,False,True,Strong non-gated heuristic / direct neighbor baseline,"self-rerun same split/seeds under Q=96, B1=96; CPU resume-enabled queue"
96,IDH1,AIR-LegacyUncGate,5,1.0,0.0,1 1 1 1 1,True,96,False,True,Ours,"self-rerun same split/seeds under Q=96, B1=96; CPU resume-enabled queue"
96,IDH1,AIR-SimGate-v2,5,1.0,0.0,1 1 1 1 1,True,96,False,True,AIR-family mechanism competitor,"self-rerun same split/seeds under Q=96, B1=96; CPU resume-enabled queue"
96,IDH1,X0-Random,5,1.0,0.0,1 1 1 1 1,True,96,False,True,Classic method,"self-rerun same split/seeds under Q=96, B1=96; CPU resume-enabled queue"
96,IDH1,X4-HitNeighbor,5,1.4,0.5477225575051661,1 2 2 1 1,True,96,False,True,Strong non-gated heuristic / direct neighbor baseline,"self-rerun same split/seeds under Q=96, B1=96; CPU resume-enabled queue"
96,KAT2A,AIR-LegacyUncGate,5,1.0,0.0,1 1 1 1 1,True,96,False,True,Ours,"self-rerun same split/seeds under Q=96, B1=96; CPU resume-enabled queue"
96,KAT2A,AIR-SimGate-v2,5,1.0,0.0,1 1 1 1 1,True,96,False,True,AIR-family mechanism competitor,"self-rerun same split/seeds under Q=96, B1=96; CPU resume-enabled queue"
96,KAT2A,X0-Random,5,1.0,0.0,1 1 1 1 1,True,96,False,True,Classic method,"self-rerun same split/seeds under Q=96, B1=96; CPU resume-enabled queue"
96,KAT2A,X4-HitNeighbor,5,1.0,0.0,1 1 1 1 1,True,96,False,True,Strong non-gated heuristic / direct neighbor baseline,"self-rerun same split/seeds under Q=96, B1=96; CPU resume-enabled queue"
96,MAPK1,AIR-LegacyUncGate,5,2.2,1.6431676725154984,2 1 2 5 1,True,96,False,True,Ours,"self-rerun same split/seeds under Q=96, B1=96; CPU resume-enabled queue"
96,MAPK1,AIR-SimGate-v2,5,2.2,1.6431676725154984,2 1 2 5 1,True,96,False,True,AIR-family mechanism competitor,"self-rerun same split/seeds under Q=96, B1=96; CPU resume-enabled queue"
96,MAPK1,X0-Random,5,1.2,0.4472135954999579,1 1 1 2 1,True,96,False,True,Classic method,"self-rerun same split/seeds under Q=96, B1=96; CPU resume-enabled queue"
96,MAPK1,X4-HitNeighbor,5,3.6,2.701851217221259,1 6 2 7 2,True,96,False,True,Strong non-gated heuristic / direct neighbor baseline,"self-rerun same split/seeds under Q=96, B1=96; CPU resume-enabled queue"
96,MTORC1,AIR-LegacyUncGate,5,2.8,0.44721359549995787,2 3 3 3 3,True,96,False,True,Ours,"self-rerun same split/seeds under Q=96, B1=96; CPU resume-enabled queue"
96,MTORC1,AIR-SimGate-v2,5,2.8,0.44721359549995787,2 3 3 3 3,True,96,False,True,AIR-family mechanism competitor,"self-rerun same split/seeds under Q=96, B1=96; CPU resume-enabled queue"
96,MTORC1,X0-Random,5,1.0,0.0,1 1 1 1 1,True,96,False,True,Classic method,"self-rerun same split/seeds under Q=96, B1=96; CPU resume-enabled queue"
96,MTORC1,X4-HitNeighbor,5,1.8,1.0954451150103324,1 3 1 1 3,True,96,False,True,Strong non-gated heuristic / direct neighbor baseline,"self-rerun same split/seeds under Q=96, B1=96; CPU resume-enabled queue"
96,OPRK1,AIR-LegacyUncGate,5,2.0,1.224744871391589,4 2 2 1 1,True,96,False,True,Ours,"self-rerun same split/seeds under Q=96, B1=96; CPU resume-enabled queue"
96,OPRK1,AIR-SimGate-v2,5,2.0,1.224744871391589,4 2 2 1 1,True,96,False,True,AIR-family mechanism competitor,"self-rerun same split/seeds under Q=96, B1=96; CPU resume-enabled queue"
96,OPRK1,X0-Random,5,1.0,0.0,1 1 1 1 1,True,96,False,True,Classic method,"self-rerun same split/seeds under Q=96, B1=96; CPU resume-enabled queue"
96,OPRK1,X4-HitNeighbor,5,3.4,2.8809720581775866,7 6 2 1 1,True,96,False,True,Strong non-gated heuristic / direct neighbor baseline,"self-rerun same split/seeds under Q=96, B1=96; CPU resume-enabled queue"
96,PKM2,AIR-LegacyUncGate,5,1.4,0.5477225575051661,1 1 2 1 2,True,96,False,True,Ours,"self-rerun same split/seeds under Q=96, B1=96; CPU resume-enabled queue"
96,PKM2,AIR-SimGate-v2,5,1.4,0.5477225575051661,1 1 2 1 2,True,96,False,True,AIR-family mechanism competitor,"self-rerun same split/seeds under Q=96, B1=96; CPU resume-enabled queue"
96,PKM2,X0-Random,5,1.0,0.0,1 1 1 1 1,True,96,False,True,Classic method,"self-rerun same split/seeds under Q=96, B1=96; CPU resume-enabled queue"
96,PKM2,X4-HitNeighbor,5,1.6,1.3416407864998738,1 1 1 1 4,True,96,False,True,Strong non-gated heuristic / direct neighbor baseline,"self-rerun same split/seeds under Q=96, B1=96; CPU resume-enabled queue"
96,VDR,AIR-LegacyUncGate,5,2.2,1.0954451150103321,2 1 2 4 2,True,96,False,True,Ours,"self-rerun same split/seeds under Q=96, B1=96; CPU resume-enabled queue"
96,VDR,AIR-SimGate-v2,5,2.2,1.0954451150103321,2 1 2 4 2,True,96,False,True,AIR-family mechanism competitor,"self-rerun same split/seeds under Q=96, B1=96; CPU resume-enabled queue"
96,VDR,X0-Random,5,1.2,0.4472135954999579,1 1 2 1 1,True,96,False,True,Classic method,"self-rerun same split/seeds under Q=96, B1=96; CPU resume-enabled queue"
96,VDR,X4-HitNeighbor,5,1.4,0.5477225575051661,1 2 1 1 2,True,96,False,True,Strong non-gated heuristic / direct neighbor baseline,"self-rerun same split/seeds under Q=96, B1=96; CPU resume-enabled queue"
192,ADRB2,AIR-LegacyUncGate,5,1.4,0.5477225575051661,1 1 1 2 2,True,192,False,True,Ours,"ours; legacy similarity gate union guarded uncertainty-neighbor rescue; self-rerun same split, seeds, Q=192, B1=192; mean?std over 5 seeds"
192,ADRB2,AIR-SimGate-v2,5,1.0,0.0,1 1 1 1 1,True,192,False,True,Ours,"ours; self-rerun in this repo; same split, seeds, Q=192, B1=192; mean±std over 5 seeds"
192,ADRB2,X0-Random,5,1.0,0.0,1 1 1 1 1,True,192,False,True,Classic method,"self-rerun in this repo; same split, seeds, Q=192, B1=192; mean±std over 5 seeds"
192,ADRB2,X4-HitNeighbor,5,1.4,0.5477225575051661,1 1 1 2 2,True,192,False,True,Mechanism competitor,self-rerun hit-neighbor mechanism competitor proxy; no original-paper number copied
192,ALDH1,AIR-LegacyUncGate,5,22.2,12.735776379946378,36 34 6 20 15,True,192,False,True,Ours,"ours; legacy similarity gate union guarded uncertainty-neighbor rescue; self-rerun same split, seeds, Q=192, B1=192; mean?std over 5 seeds"
192,ALDH1,AIR-SimGate-v2,5,17.8,11.7983049630021,36 22 6 10 15,True,192,False,True,Ours,"ours; self-rerun in this repo; same split, seeds, Q=192, B1=192; mean±std over 5 seeds"
192,ALDH1,X0-Random,5,6.2,2.16794833886788,8 7 5 8 3,True,192,False,True,Classic method,"self-rerun in this repo; same split, seeds, Q=192, B1=192; mean±std over 5 seeds"
192,ALDH1,X4-HitNeighbor,5,15.2,12.397580409095962,13 34 6 20 3,True,192,False,True,Mechanism competitor,self-rerun hit-neighbor mechanism competitor proxy; no original-paper number copied
192,FEN1,AIR-LegacyUncGate,5,3.2,2.683281572999748,2 1 1 5 7,True,192,False,True,Ours,"ours; legacy similarity gate union guarded uncertainty-neighbor rescue; self-rerun same split, seeds, Q=192, B1=192; mean?std over 5 seeds"
192,FEN1,AIR-SimGate-v2,5,3.2,2.683281572999748,2 1 1 5 7,True,192,False,True,Ours,"ours; self-rerun in this repo; same split, seeds, Q=192, B1=192; mean±std over 5 seeds"
192,FEN1,X0-Random,5,1.0,0.0,1 1 1 1 1,True,192,False,True,Classic method,"self-rerun in this repo; same split, seeds, Q=192, B1=192; mean±std over 5 seeds"
192,FEN1,X4-HitNeighbor,5,2.8,2.16794833886788,2 1 1 6 4,True,192,False,True,Mechanism competitor,self-rerun hit-neighbor mechanism competitor proxy; no original-paper number copied
192,GBA,AIR-LegacyUncGate,5,6.6,5.549774770204643,1 11 1 7 13,True,192,False,True,Ours,"ours; legacy similarity gate union guarded uncertainty-neighbor rescue; self-rerun same split, seeds, Q=192, B1=192; mean?std over 5 seeds"
192,GBA,AIR-SimGate-v2,5,6.6,5.549774770204643,1 11 1 7 13,True,192,False,True,Ours,"ours; self-rerun in this repo; same split, seeds, Q=192, B1=192; mean±std over 5 seeds"
192,GBA,X0-Random,5,1.0,0.0,1 1 1 1 1,True,192,False,True,Classic method,"self-rerun in this repo; same split, seeds, Q=192, B1=192; mean±std over 5 seeds"
192,GBA,X4-HitNeighbor,5,6.6,5.549774770204643,1 11 1 7 13,True,192,False,True,Mechanism competitor,self-rerun hit-neighbor mechanism competitor proxy; no original-paper number copied
192,IDH1,AIR-LegacyUncGate,5,1.2,0.4472135954999579,1 1 2 1 1,True,192,False,True,Ours,"ours; legacy similarity gate union guarded uncertainty-neighbor rescue; self-rerun same split, seeds, Q=192, B1=192; mean?std over 5 seeds"
192,IDH1,AIR-SimGate-v2,5,1.2,0.4472135954999579,1 1 2 1 1,True,192,False,True,Ours,"ours; self-rerun in this repo; same split, seeds, Q=192, B1=192; mean±std over 5 seeds"
192,IDH1,X0-Random,5,1.0,0.0,1 1 1 1 1,True,192,False,True,Classic method,"self-rerun in this repo; same split, seeds, Q=192, B1=192; mean±std over 5 seeds"
192,IDH1,X4-HitNeighbor,5,1.2,0.4472135954999579,1 1 2 1 1,True,192,False,True,Mechanism competitor,self-rerun hit-neighbor mechanism competitor proxy; no original-paper number copied
192,KAT2A,AIR-LegacyUncGate,5,1.2,0.447213595499958,1 2 1 1 1,True,192,False,True,Ours,"ours; legacy similarity gate union guarded uncertainty-neighbor rescue; self-rerun same split, seeds, Q=192, B1=192; mean?std over 5 seeds"
192,KAT2A,AIR-SimGate-v2,5,1.2,0.447213595499958,1 2 1 1 1,True,192,False,True,Ours,"ours; self-rerun in this repo; same split, seeds, Q=192, B1=192; mean±std over 5 seeds"
192,KAT2A,X0-Random,5,1.2,0.4472135954999579,1 1 1 2 1,True,192,False,True,Classic method,"self-rerun in this repo; same split, seeds, Q=192, B1=192; mean±std over 5 seeds"
192,KAT2A,X4-HitNeighbor,5,1.0,0.0,1 1 1 1 1,True,192,False,True,Mechanism competitor,self-rerun hit-neighbor mechanism competitor proxy; no original-paper number copied
192,MAPK1,AIR-LegacyUncGate,5,4.4,3.911521443121589,2 5 2 11 2,True,192,False,True,Ours,"ours; legacy similarity gate union guarded uncertainty-neighbor rescue; self-rerun same split, seeds, Q=192, B1=192; mean?std over 5 seeds"
192,MAPK1,AIR-SimGate-v2,5,4.4,3.911521443121589,2 5 2 11 2,True,192,False,True,Ours,"ours; self-rerun in this repo; same split, seeds, Q=192, B1=192; mean±std over 5 seeds"
192,MAPK1,X0-Random,5,1.6,0.5477225575051661,2 2 1 1 2,True,192,False,True,Classic method,"self-rerun in this repo; same split, seeds, Q=192, B1=192; mean±std over 5 seeds"
192,MAPK1,X4-HitNeighbor,5,3.2,3.8340579025361614,2 1 2 10 1,True,192,False,True,Mechanism competitor,self-rerun hit-neighbor mechanism competitor proxy; no original-paper number copied
192,MTORC1,AIR-LegacyUncGate,5,3.8,0.4472135954999578,3 4 4 4 4,True,192,False,True,Ours,"ours; legacy similarity gate union guarded uncertainty-neighbor rescue; self-rerun same split, seeds, Q=192, B1=192; mean?std over 5 seeds"
192,MTORC1,AIR-SimGate-v2,5,3.8,0.4472135954999578,3 4 4 4 4,True,192,False,True,Ours,"ours; self-rerun in this repo; same split, seeds, Q=192, B1=192; mean±std over 5 seeds"
192,MTORC1,X0-Random,5,1.0,0.0,1 1 1 1 1,True,192,False,True,Classic method,"self-rerun in this repo; same split, seeds, Q=192, B1=192; mean±std over 5 seeds"
192,MTORC1,X4-HitNeighbor,5,2.0,1.4142135623730951,1 3 1 1 4,True,192,False,True,Mechanism competitor,self-rerun hit-neighbor mechanism competitor proxy; no original-paper number copied
192,OPRK1,AIR-LegacyUncGate,5,4.4,4.219004621945797,9 9 1 2 1,True,192,False,True,Ours,"ours; legacy similarity gate union guarded uncertainty-neighbor rescue; self-rerun same split, seeds, Q=192, B1=192; mean?std over 5 seeds"
192,OPRK1,AIR-SimGate-v2,5,4.4,4.219004621945797,9 9 1 2 1,True,192,False,True,Ours,"ours; self-rerun in this repo; same split, seeds, Q=192, B1=192; mean±std over 5 seeds"
192,OPRK1,X0-Random,5,1.0,0.0,1 1 1 1 1,True,192,False,True,Classic method,"self-rerun in this repo; same split, seeds, Q=192, B1=192; mean±std over 5 seeds"
192,OPRK1,X4-HitNeighbor,5,3.2,3.03315017762062,6 7 1 1 1,True,192,False,True,Mechanism competitor,self-rerun hit-neighbor mechanism competitor proxy; no original-paper number copied
192,PKM2,AIR-LegacyUncGate,5,3.2,1.9235384061671343,3 2 6 1 4,True,192,False,True,Ours,"ours; legacy similarity gate union guarded uncertainty-neighbor rescue; self-rerun same split, seeds, Q=192, B1=192; mean?std over 5 seeds"
192,PKM2,AIR-SimGate-v2,5,3.2,1.9235384061671343,3 2 6 1 4,True,192,False,True,Ours,"ours; self-rerun in this repo; same split, seeds, Q=192, B1=192; mean±std over 5 seeds"
192,PKM2,X0-Random,5,1.2,0.4472135954999579,1 1 1 1 2,True,192,False,True,Classic method,"self-rerun in this repo; same split, seeds, Q=192, B1=192; mean±std over 5 seeds"
192,PKM2,X4-HitNeighbor,5,2.0,1.224744871391589,1 2 1 2 4,True,192,False,True,Mechanism competitor,self-rerun hit-neighbor mechanism competitor proxy; no original-paper number copied
192,VDR,AIR-LegacyUncGate,5,6.0,5.830951894845301,5 1 1 15 8,True,192,False,True,Ours,"ours; legacy similarity gate union guarded uncertainty-neighbor rescue; self-rerun same split, seeds, Q=192, B1=192; mean?std over 5 seeds"
192,VDR,AIR-SimGate-v2,5,5.4,5.727128425310542,5 1 1 15 5,True,192,False,True,Ours,"ours; self-rerun in this repo; same split, seeds, Q=192, B1=192; mean±std over 5 seeds"
192,VDR,X0-Random,5,1.6,0.8944271909999159,2 1 3 1 1,True,192,False,True,Classic method,"self-rerun in this repo; same split, seeds, Q=192, B1=192; mean±std over 5 seeds"
192,VDR,X4-HitNeighbor,5,2.6,3.049590136395381,1 2 1 1 8,True,192,False,True,Mechanism competitor,self-rerun hit-neighbor mechanism competitor proxy; no original-paper number copied
384,ADRB2,AIR-LegacyUncGate,5,1.6,0.5477225575051661,1 1 2 2 2,True,384,False,True,Ours,"self-rerun same split/seeds under Q=384, B1=384; CPU resume-enabled queue"
384,ADRB2,AIR-SimGate-v2,5,1.6,0.5477225575051661,1 1 2 2 2,True,384,False,True,AIR-family mechanism competitor,"self-rerun same split/seeds under Q=384, B1=384; CPU resume-enabled queue"
384,ADRB2,X0-Random,5,1.0,0.0,1 1 1 1 1,True,384,False,True,Classic method,"self-rerun same split/seeds under Q=384, B1=384; CPU resume-enabled queue"
384,ADRB2,X4-HitNeighbor,5,1.6,0.5477225575051661,1 1 2 2 2,True,384,False,True,Strong non-gated heuristic / direct neighbor baseline,"self-rerun same split/seeds under Q=384, B1=384; CPU resume-enabled queue"
384,ALDH1,AIR-LegacyUncGate,5,68.8,29.68501305372797,116 60 78 46 44,True,384,False,True,Ours,"self-rerun same split/seeds under Q=384, B1=384; CPU resume-enabled queue"
384,ALDH1,AIR-SimGate-v2,5,71.8,27.48090245970827,116 60 78 61 44,True,384,False,True,AIR-family mechanism competitor,"self-rerun same split/seeds under Q=384, B1=384; CPU resume-enabled queue"
384,ALDH1,X0-Random,5,17.6,2.302172886644268,17 20 14 19 18,True,384,False,True,Classic method,"self-rerun same split/seeds under Q=384, B1=384; CPU resume-enabled queue"
384,ALDH1,X4-HitNeighbor,5,33.8,26.527344382730814,21 73 25 46 4,True,384,False,True,Strong non-gated heuristic / direct neighbor baseline,"self-rerun same split/seeds under Q=384, B1=384; CPU resume-enabled queue"
384,FEN1,AIR-LegacyUncGate,5,8.0,9.797958971132712,2 1 5 25 7,True,384,False,True,Ours,"self-rerun same split/seeds under Q=384, B1=384; CPU resume-enabled queue"
384,FEN1,AIR-SimGate-v2,5,8.0,9.797958971132712,2 1 5 25 7,True,384,False,True,AIR-family mechanism competitor,"self-rerun same split/seeds under Q=384, B1=384; CPU resume-enabled queue"
384,FEN1,X0-Random,5,1.6,0.5477225575051661,1 1 2 2 2,True,384,False,True,Classic method,"self-rerun same split/seeds under Q=384, B1=384; CPU resume-enabled queue"
384,FEN1,X4-HitNeighbor,5,6.2,6.572670690061994,2 2 2 17 8,True,384,False,True,Strong non-gated heuristic / direct neighbor baseline,"self-rerun same split/seeds under Q=384, B1=384; CPU resume-enabled queue"
384,GBA,AIR-LegacyUncGate,5,9.6,8.61974477580398,1 20 1 10 16,True,384,False,True,Ours,"self-rerun same split/seeds under Q=384, B1=384; CPU resume-enabled queue"
384,GBA,AIR-SimGate-v2,5,7.8,6.610597552415364,1 11 1 10 16,True,384,False,True,AIR-family mechanism competitor,"self-rerun same split/seeds under Q=384, B1=384; CPU resume-enabled queue"
384,GBA,X0-Random,5,1.0,0.0,1 1 1 1 1,True,384,False,True,Classic method,"self-rerun same split/seeds under Q=384, B1=384; CPU resume-enabled queue"
384,GBA,X4-HitNeighbor,5,10.2,9.833615815151616,1 20 1 8 21,True,384,False,True,Strong non-gated heuristic / direct neighbor baseline,"self-rerun same split/seeds under Q=384, B1=384; CPU resume-enabled queue"
384,IDH1,AIR-LegacyUncGate,5,1.8,0.44721359549995804,1 2 2 2 2,True,384,False,True,Ours,"self-rerun same split/seeds under Q=384, B1=384; CPU resume-enabled queue"
384,IDH1,AIR-SimGate-v2,5,1.8,0.44721359549995804,1 2 2 2 2,True,384,False,True,AIR-family mechanism competitor,"self-rerun same split/seeds under Q=384, B1=384; CPU resume-enabled queue"
384,IDH1,X0-Random,5,1.0,0.0,1 1 1 1 1,True,384,False,True,Classic method,"self-rerun same split/seeds under Q=384, B1=384; CPU resume-enabled queue"
384,IDH1,X4-HitNeighbor,5,1.6,0.5477225575051661,1 2 2 1 2,True,384,False,True,Strong non-gated heuristic / direct neighbor baseline,"self-rerun same split/seeds under Q=384, B1=384; CPU resume-enabled queue"
384,KAT2A,AIR-LegacyUncGate,5,1.0,0.0,1 1 1 1 1,True,384,False,True,Ours,"self-rerun same split/seeds under Q=384, B1=384; CPU resume-enabled queue"
384,KAT2A,AIR-SimGate-v2,5,1.0,0.0,1 1 1 1 1,True,384,False,True,AIR-family mechanism competitor,"self-rerun same split/seeds under Q=384, B1=384; CPU resume-enabled queue"
384,KAT2A,X0-Random,5,1.2,0.44721359549995804,1 2 1 1 1,True,384,False,True,Classic method,"self-rerun same split/seeds under Q=384, B1=384; CPU resume-enabled queue"
384,KAT2A,X4-HitNeighbor,5,1.0,0.0,1 1 1 1 1,True,384,False,True,Strong non-gated heuristic / direct neighbor baseline,"self-rerun same split/seeds under Q=384, B1=384; CPU resume-enabled queue"
384,MAPK1,AIR-LegacyUncGate,5,5.0,5.0990195135927845,4 2 2 14 3,True,384,False,True,Ours,"self-rerun same split/seeds under Q=384, B1=384; CPU resume-enabled queue"
384,MAPK1,AIR-SimGate-v2,5,5.0,5.0990195135927845,4 2 2 14 3,True,384,False,True,AIR-family mechanism competitor,"self-rerun same split/seeds under Q=384, B1=384; CPU resume-enabled queue"
384,MAPK1,X0-Random,5,2.6,1.5165750888103102,3 5 2 2 1,True,384,False,True,Classic method,"self-rerun same split/seeds under Q=384, B1=384; CPU resume-enabled queue"
384,MAPK1,X4-HitNeighbor,5,10.2,10.917875251164945,4 20 2 24 1,True,384,False,True,Strong non-gated heuristic / direct neighbor baseline,"self-rerun same split/seeds under Q=384, B1=384; CPU resume-enabled queue"
384,MTORC1,AIR-LegacyUncGate,5,3.2,0.44721359549995787,3 4 3 3 3,True,331,True,True,Ours,"self-rerun same split/seeds under Q=384, B1=384; CPU resume-enabled queue"
384,MTORC1,AIR-SimGate-v2,5,3.2,0.44721359549995787,3 4 3 3 3,True,331,True,True,AIR-family mechanism competitor,"self-rerun same split/seeds under Q=384, B1=384; CPU resume-enabled queue"
384,MTORC1,X0-Random,5,1.4,0.5477225575051661,2 1 1 2 1,True,331,True,True,Classic method,"self-rerun same split/seeds under Q=384, B1=384; CPU resume-enabled queue"
384,MTORC1,X4-HitNeighbor,5,2.2,1.3038404810405297,2 3 1 1 4,True,331,True,True,Strong non-gated heuristic / direct neighbor baseline,"self-rerun same split/seeds under Q=384, B1=384; CPU resume-enabled queue"
384,OPRK1,AIR-LegacyUncGate,5,5.6,4.979959839195493,11 11 3 2 1,True,384,False,True,Ours,"self-rerun same split/seeds under Q=384, B1=384; CPU resume-enabled queue"
384,OPRK1,AIR-SimGate-v2,5,5.6,4.979959839195493,11 11 3 2 1,True,384,False,True,AIR-family mechanism competitor,"self-rerun same split/seeds under Q=384, B1=384; CPU resume-enabled queue"
384,OPRK1,X0-Random,5,1.0,0.0,1 1 1 1 1,True,384,False,True,Classic method,"self-rerun same split/seeds under Q=384, B1=384; CPU resume-enabled queue"
384,OPRK1,X4-HitNeighbor,5,4.8,3.96232255123179,10 8 3 2 1,True,384,False,True,Strong non-gated heuristic / direct neighbor baseline,"self-rerun same split/seeds under Q=384, B1=384; CPU resume-enabled queue"
384,PKM2,AIR-LegacyUncGate,5,10.0,8.602325267042627,16 6 22 2 4,True,384,False,True,Ours,"self-rerun same split/seeds under Q=384, B1=384; CPU resume-enabled queue"
384,PKM2,AIR-SimGate-v2,5,10.0,8.602325267042627,16 6 22 2 4,True,384,False,True,AIR-family mechanism competitor,"self-rerun same split/seeds under Q=384, B1=384; CPU resume-enabled queue"
384,PKM2,X0-Random,5,1.8,0.8366600265340756,1 2 1 2 3,True,384,False,True,Classic method,"self-rerun same split/seeds under Q=384, B1=384; CPU resume-enabled queue"
384,PKM2,X4-HitNeighbor,5,5.6,2.1908902300206643,5 9 5 3 6,True,384,False,True,Strong non-gated heuristic / direct neighbor baseline,"self-rerun same split/seeds under Q=384, B1=384; CPU resume-enabled queue"
384,VDR,AIR-LegacyUncGate,5,9.0,10.606601717798213,4 3 1 10 27,True,384,False,True,Ours,"self-rerun same split/seeds under Q=384, B1=384; CPU resume-enabled queue"
384,VDR,AIR-SimGate-v2,5,9.8,7.981227975693966,15 3 1 10 20,True,384,False,True,AIR-family mechanism competitor,"self-rerun same split/seeds under Q=384, B1=384; CPU resume-enabled queue"
384,VDR,X0-Random,5,1.6,0.8944271909999159,3 1 1 1 2,True,384,False,True,Classic method,"self-rerun same split/seeds under Q=384, B1=384; CPU resume-enabled queue"
384,VDR,X4-HitNeighbor,5,7.2,11.144505372604026,4 3 1 1 27,True,384,False,True,Strong non-gated heuristic / direct neighbor baseline,"self-rerun same split/seeds under Q=384, B1=384; CPU resume-enabled queue"
