Q,assay,method_label,n_seeds,complete_5seed,all_budget_ok,effective_Q_values,effective_Q_capped,status
48,ADRB2,AIR-LegacyUncGate,5,True,True,48,False,complete
48,ADRB2,AIR-SimGate-v2,5,True,True,48,False,complete
48,ADRB2,X0-Random,5,True,True,48,False,complete
48,ADRB2,X4-HitNeighbor,5,True,True,48,False,complete
48,ALDH1,AIR-LegacyUncGate,5,True,True,48,False,complete
48,ALDH1,AIR-SimGate-v2,5,True,True,48,False,complete
48,ALDH1,X0-Random,5,True,True,48,False,complete
48,ALDH1,X4-HitNeighbor,5,True,True,48,False,complete
48,FEN1,AIR-LegacyUncGate,5,True,True,48,False,complete
48,FEN1,AIR-SimGate-v2,5,True,True,48,False,complete
48,FEN1,X0-Random,5,True,True,48,False,complete
48,FEN1,X4-HitNeighbor,5,True,True,48,False,complete
48,GBA,AIR-LegacyUncGate,5,True,True,48,False,complete
48,GBA,AIR-SimGate-v2,5,True,True,48,False,complete
48,GBA,X0-Random,5,True,True,48,False,complete
48,GBA,X4-HitNeighbor,5,True,True,48,False,complete
48,IDH1,AIR-LegacyUncGate,5,True,True,48,False,complete
48,IDH1,AIR-SimGate-v2,5,True,True,48,False,complete
48,IDH1,X0-Random,5,True,True,48,False,complete
48,IDH1,X4-HitNeighbor,5,True,True,48,False,complete
48,KAT2A,AIR-LegacyUncGate,5,True,True,48,False,complete
48,KAT2A,AIR-SimGate-v2,5,True,True,48,False,complete
48,KAT2A,X0-Random,5,True,True,48,False,complete
48,KAT2A,X4-HitNeighbor,5,True,True,48,False,complete
48,MAPK1,AIR-LegacyUncGate,5,True,True,48,False,complete
48,MAPK1,AIR-SimGate-v2,5,True,True,48,False,complete
48,MAPK1,X0-Random,5,True,True,48,False,complete
48,MAPK1,X4-HitNeighbor,5,True,True,48,False,complete
48,MTORC1,AIR-LegacyUncGate,5,True,True,48,False,complete
48,MTORC1,AIR-SimGate-v2,5,True,True,48,False,complete
48,MTORC1,X0-Random,5,True,True,48,False,complete
48,MTORC1,X4-HitNeighbor,5,True,True,48,False,complete
48,OPRK1,AIR-LegacyUncGate,5,True,True,48,False,complete
48,OPRK1,AIR-SimGate-v2,5,True,True,48,False,complete
48,OPRK1,X0-Random,5,True,True,48,False,complete
48,OPRK1,X4-HitNeighbor,5,True,True,48,False,complete
48,PKM2,AIR-LegacyUncGate,5,True,True,48,False,complete
48,PKM2,AIR-SimGate-v2,5,True,True,48,False,complete
48,PKM2,X0-Random,5,True,True,48,False,complete
48,PKM2,X4-HitNeighbor,5,True,True,48,False,complete
48,VDR,AIR-LegacyUncGate,5,True,True,48,False,complete
48,VDR,AIR-SimGate-v2,5,True,True,48,False,complete
48,VDR,X0-Random,5,True,True,48,False,complete
48,VDR,X4-HitNeighbor,5,True,True,48,False,complete
96,ADRB2,AIR-LegacyUncGate,5,True,True,96,False,complete
96,ADRB2,AIR-SimGate-v2,5,True,True,96,False,complete
96,ADRB2,X0-Random,5,True,True,96,False,complete
96,ADRB2,X4-HitNeighbor,5,True,True,96,False,complete
96,ALDH1,AIR-LegacyUncGate,5,True,True,96,False,complete
96,ALDH1,AIR-SimGate-v2,5,True,True,96,False,complete
96,ALDH1,X0-Random,5,True,True,96,False,complete
96,ALDH1,X4-HitNeighbor,5,True,True,96,False,complete
96,FEN1,AIR-LegacyUncGate,5,True,True,96,False,complete
96,FEN1,AIR-SimGate-v2,5,True,True,96,False,complete
96,FEN1,X0-Random,5,True,True,96,False,complete
96,FEN1,X4-HitNeighbor,5,True,True,96,False,complete
96,GBA,AIR-LegacyUncGate,5,True,True,96,False,complete
96,GBA,AIR-SimGate-v2,5,True,True,96,False,complete
96,GBA,X0-Random,5,True,True,96,False,complete
96,GBA,X4-HitNeighbor,5,True,True,96,False,complete
96,IDH1,AIR-LegacyUncGate,5,True,True,96,False,complete
96,IDH1,AIR-SimGate-v2,5,True,True,96,False,complete
96,IDH1,X0-Random,5,True,True,96,False,complete
96,IDH1,X4-HitNeighbor,5,True,True,96,False,complete
96,KAT2A,AIR-LegacyUncGate,5,True,True,96,False,complete
96,KAT2A,AIR-SimGate-v2,5,True,True,96,False,complete
96,KAT2A,X0-Random,5,True,True,96,False,complete
96,KAT2A,X4-HitNeighbor,5,True,True,96,False,complete
96,MAPK1,AIR-LegacyUncGate,5,True,True,96,False,complete
96,MAPK1,AIR-SimGate-v2,5,True,True,96,False,complete
96,MAPK1,X0-Random,5,True,True,96,False,complete
96,MAPK1,X4-HitNeighbor,5,True,True,96,False,complete
96,MTORC1,AIR-LegacyUncGate,5,True,True,96,False,complete
96,MTORC1,AIR-SimGate-v2,5,True,True,96,False,complete
96,MTORC1,X0-Random,5,True,True,96,False,complete
96,MTORC1,X4-HitNeighbor,5,True,True,96,False,complete
96,OPRK1,AIR-LegacyUncGate,5,True,True,96,False,complete
96,OPRK1,AIR-SimGate-v2,5,True,True,96,False,complete
96,OPRK1,X0-Random,5,True,True,96,False,complete
96,OPRK1,X4-HitNeighbor,5,True,True,96,False,complete
96,PKM2,AIR-LegacyUncGate,5,True,True,96,False,complete
96,PKM2,AIR-SimGate-v2,5,True,True,96,False,complete
96,PKM2,X0-Random,5,True,True,96,False,complete
96,PKM2,X4-HitNeighbor,5,True,True,96,False,complete
96,VDR,AIR-LegacyUncGate,5,True,True,96,False,complete
96,VDR,AIR-SimGate-v2,5,True,True,96,False,complete
96,VDR,X0-Random,5,True,True,96,False,complete
96,VDR,X4-HitNeighbor,5,True,True,96,False,complete
192,ADRB2,AIR-LegacyUncGate,5,True,True,192,False,complete
192,ADRB2,AIR-SimGate-v2,5,True,True,192,False,complete
192,ADRB2,X0-Random,5,True,True,192,False,complete
192,ADRB2,X4-HitNeighbor,5,True,True,192,False,complete
192,ALDH1,AIR-LegacyUncGate,5,True,True,192,False,complete
192,ALDH1,AIR-SimGate-v2,5,True,True,192,False,complete
192,ALDH1,X0-Random,5,True,True,192,False,complete
192,ALDH1,X4-HitNeighbor,5,True,True,192,False,complete
192,FEN1,AIR-LegacyUncGate,5,True,True,192,False,complete
192,FEN1,AIR-SimGate-v2,5,True,True,192,False,complete
192,FEN1,X0-Random,5,True,True,192,False,complete
192,FEN1,X4-HitNeighbor,5,True,True,192,False,complete
192,GBA,AIR-LegacyUncGate,5,True,True,192,False,complete
192,GBA,AIR-SimGate-v2,5,True,True,192,False,complete
192,GBA,X0-Random,5,True,True,192,False,complete
192,GBA,X4-HitNeighbor,5,True,True,192,False,complete
192,IDH1,AIR-LegacyUncGate,5,True,True,192,False,complete
192,IDH1,AIR-SimGate-v2,5,True,True,192,False,complete
192,IDH1,X0-Random,5,True,True,192,False,complete
192,IDH1,X4-HitNeighbor,5,True,True,192,False,complete
192,KAT2A,AIR-LegacyUncGate,5,True,True,192,False,complete
192,KAT2A,AIR-SimGate-v2,5,True,True,192,False,complete
192,KAT2A,X0-Random,5,True,True,192,False,complete
192,KAT2A,X4-HitNeighbor,5,True,True,192,False,complete
192,MAPK1,AIR-LegacyUncGate,5,True,True,192,False,complete
192,MAPK1,AIR-SimGate-v2,5,True,True,192,False,complete
192,MAPK1,X0-Random,5,True,True,192,False,complete
192,MAPK1,X4-HitNeighbor,5,True,True,192,False,complete
192,MTORC1,AIR-LegacyUncGate,5,True,True,192,False,complete
192,MTORC1,AIR-SimGate-v2,5,True,True,192,False,complete
192,MTORC1,X0-Random,5,True,True,192,False,complete
192,MTORC1,X4-HitNeighbor,5,True,True,192,False,complete
192,OPRK1,AIR-LegacyUncGate,5,True,True,192,False,complete
192,OPRK1,AIR-SimGate-v2,5,True,True,192,False,complete
192,OPRK1,X0-Random,5,True,True,192,False,complete
192,OPRK1,X4-HitNeighbor,5,True,True,192,False,complete
192,PKM2,AIR-LegacyUncGate,5,True,True,192,False,complete
192,PKM2,AIR-SimGate-v2,5,True,True,192,False,complete
192,PKM2,X0-Random,5,True,True,192,False,complete
192,PKM2,X4-HitNeighbor,5,True,True,192,False,complete
192,VDR,AIR-LegacyUncGate,5,True,True,192,False,complete
192,VDR,AIR-SimGate-v2,5,True,True,192,False,complete
192,VDR,X0-Random,5,True,True,192,False,complete
192,VDR,X4-HitNeighbor,5,True,True,192,False,complete
384,ADRB2,AIR-LegacyUncGate,5,True,True,384,False,complete
384,ADRB2,AIR-SimGate-v2,5,True,True,384,False,complete
384,ADRB2,X0-Random,5,True,True,384,False,complete
384,ADRB2,X4-HitNeighbor,5,True,True,384,False,complete
384,ALDH1,AIR-LegacyUncGate,5,True,True,384,False,complete
384,ALDH1,AIR-SimGate-v2,5,True,True,384,False,complete
384,ALDH1,X0-Random,5,True,True,384,False,complete
384,ALDH1,X4-HitNeighbor,5,True,True,384,False,complete
384,FEN1,AIR-LegacyUncGate,5,True,True,384,False,complete
384,FEN1,AIR-SimGate-v2,5,True,True,384,False,complete
384,FEN1,X0-Random,5,True,True,384,False,complete
384,FEN1,X4-HitNeighbor,5,True,True,384,False,complete
384,GBA,AIR-LegacyUncGate,5,True,True,384,False,complete
384,GBA,AIR-SimGate-v2,5,True,True,384,False,complete
384,GBA,X0-Random,5,True,True,384,False,complete
384,GBA,X4-HitNeighbor,5,True,True,384,False,complete
384,IDH1,AIR-LegacyUncGate,5,True,True,384,False,complete
384,IDH1,AIR-SimGate-v2,5,True,True,384,False,complete
384,IDH1,X0-Random,5,True,True,384,False,complete
384,IDH1,X4-HitNeighbor,5,True,True,384,False,complete
384,KAT2A,AIR-LegacyUncGate,5,True,True,384,False,complete
384,KAT2A,AIR-SimGate-v2,5,True,True,384,False,complete
384,KAT2A,X0-Random,5,True,True,384,False,complete
384,KAT2A,X4-HitNeighbor,5,True,True,384,False,complete
384,MAPK1,AIR-LegacyUncGate,5,True,True,384,False,complete
384,MAPK1,AIR-SimGate-v2,5,True,True,384,False,complete
384,MAPK1,X0-Random,5,True,True,384,False,complete
384,MAPK1,X4-HitNeighbor,5,True,True,384,False,complete
384,MTORC1,AIR-LegacyUncGate,5,True,True,331,True,complete
384,MTORC1,AIR-SimGate-v2,5,True,True,331,True,complete
384,MTORC1,X0-Random,5,True,True,331,True,complete
384,MTORC1,X4-HitNeighbor,5,True,True,331,True,complete
384,OPRK1,AIR-LegacyUncGate,5,True,True,384,False,complete
384,OPRK1,AIR-SimGate-v2,5,True,True,384,False,complete
384,OPRK1,X0-Random,5,True,True,384,False,complete
384,OPRK1,X4-HitNeighbor,5,True,True,384,False,complete
384,PKM2,AIR-LegacyUncGate,5,True,True,384,False,complete
384,PKM2,AIR-SimGate-v2,5,True,True,384,False,complete
384,PKM2,X0-Random,5,True,True,384,False,complete
384,PKM2,X4-HitNeighbor,5,True,True,384,False,complete
384,VDR,AIR-LegacyUncGate,5,True,True,384,False,complete
384,VDR,AIR-SimGate-v2,5,True,True,384,False,complete
384,VDR,X0-Random,5,True,True,384,False,complete
384,VDR,X4-HitNeighbor,5,True,True,384,False,complete
