assay,method_label,n_seeds,mean_hits,std_hits,values,all_budget_ok,baseline_group,provenance,complete_5seed
ADRB2,AIR-SimGate-v2,5,1.0,0.0,1 1 1 1 1,True,AIR-family mechanism competitor,"ours; self-rerun in this repo; same split, seeds, Q=192, B1=192; mean±std over 5 seeds",True
ADRB2,B10-AuditRule,5,1.4,0.5477225575051661,1 1 2 2 1,True,Audit / candidate-rescue baseline,"self-rerun B10 audit/candidate-rescue baseline; same split, seeds, Q=192, B1=192; no original-paper number copied",True
ADRB2,B1-Fixed,5,1.2,0.4472135954999579,1 1 2 1 1,True,Classic method,"self-rerun in this repo; same split, seeds, Q=192, B1=192; mean±std over 5 seeds",True
ADRB2,X0-Random,5,1.0,0.0,1 1 1 1 1,True,Classic method,"self-rerun in this repo; same split, seeds, Q=192, B1=192; mean±std over 5 seeds",True
ADRB2,AIR-HNDiv,5,1.4,0.5477225575051661,1 1 1 2 2,True,Mechanism competitor / ablation,"self-rerun in this repo; same split, seeds, Q=192, B1=192; mean±std over 5 seeds",True
ADRB2,AIR-SafeCluster,5,1.0,0.0,1 1 1 1 1,True,Mechanism competitor / ablation,"self-rerun in this repo; same split, seeds, Q=192, B1=192; mean±std over 5 seeds",True
ADRB2,Official-ChemScreener-BalancedRanking,5,1.0,0.0,1 1 1 1 1,True,Official author-code direct competitor,"official ChemScreener code wrapped in AIR protocol; self-rerun; same assay split, seeds, Q=192, B1=192; no original-paper number copied",True
ADRB2,Official-AC-Active-ginl-cliff-air100k,5,1.0,0.0,1 1 1 1 1,True,Official author-code direct competitor (100k-screen subprotocol),official AC-Active code wrapped; AIR-derived assay molecules filtered by official featurizer; 100k screen/20k test GLARE/AC subprotocol; Q192/start64/batch64/ens2/epochs2; self-rerun; not copied from original paper,True
ADRB2,Official-GLARE-ginl-grpo-air100k,5,1.0,0.0,1 1 1 1 1,True,Official author-code direct competitor (100k-screen subprotocol),official GLARE code wrapped; AIR-derived assay molecules filtered by official featurizer; 100k screen/20k test GLARE subprotocol; Q192/start64/batch64/ens2/epochs2; self-rerun; not copied from original paper,True
ADRB2,AIR-LegacyUncGate,5,1.4,0.5477225575051661,1 1 1 2 2,True,Ours,"ours; legacy similarity gate union guarded uncertainty-neighbor rescue; self-rerun same split, seeds, Q=192, B1=192; mean?std over 5 seeds",True
ADRB2,X1-UCB,5,1.0,0.0,1 1 1 1 1,True,Recent AL route proxy,self-rerun uncertainty acquisition proxy; no original-paper number copied,True
ADRB2,X2-Diverse,5,1.0,0.0,1 1 1 1 1,True,Recent AL route proxy,self-rerun diversity acquisition proxy; no original-paper number copied,True
ADRB2,X3-BalancedRank,5,1.0,0.0,1 1 1 1 1,True,Recent AL route proxy,self-rerun rank-fusion acquisition proxy; no original-paper number copied,True
ADRB2,X4-HitNeighbor,5,1.4,0.5477225575051661,1 1 1 2 2,True,Strong non-gated heuristic / direct neighbor baseline,self-rerun hit-neighbor mechanism competitor proxy; no original-paper number copied,True
ALDH1,AIR-SimGate-v2,5,17.8,11.7983049630021,36 22 6 10 15,True,AIR-family mechanism competitor,"ours; self-rerun in this repo; same split, seeds, Q=192, B1=192; mean±std over 5 seeds",True
ALDH1,B10-AuditRule,5,14.4,7.733045971672482,23 19 9 4 17,True,Audit / candidate-rescue baseline,"self-rerun B10 audit/candidate-rescue baseline; same split, seeds, Q=192, B1=192; no original-paper number copied",True
ALDH1,B1-Fixed,5,13.0,4.949747468305833,15 18 12 5 15,True,Classic method,"self-rerun in this repo; same split, seeds, Q=192, B1=192; mean±std over 5 seeds",True
ALDH1,X0-Random,5,6.2,2.16794833886788,8 7 5 8 3,True,Classic method,"self-rerun in this repo; same split, seeds, Q=192, B1=192; mean±std over 5 seeds",True
ALDH1,AIR-HNDiv,5,17.0,13.360389215887388,17 36 6 23 3,True,Mechanism competitor / ablation,"self-rerun in this repo; same split, seeds, Q=192, B1=192; mean±std over 5 seeds",True
ALDH1,AIR-SafeCluster,5,17.8,11.7983049630021,36 22 6 10 15,True,Mechanism competitor / ablation,"self-rerun in this repo; same split, seeds, Q=192, B1=192; mean±std over 5 seeds",True
ALDH1,Official-AC-Active-ginl-cliff,5,10.6,2.3021728866442674,13 11 7 12 10,True,Official author-code direct competitor,official author-code wrapped; Q192/start64/batch64/ens2/epochs2; self-rerun official code; no original-paper number copied,True
ALDH1,Official-ChemScreener-BalancedRanking,5,13.4,5.029910535983717,8 13 18 9 19,True,Official author-code direct competitor,"official ChemScreener code wrapped in AIR protocol; self-rerun; same assay split, seeds, Q=192, B1=192; no original-paper number copied",True
ALDH1,Official-GLARE-ginl-grpo,5,8.8,4.764451699828639,16 4 11 6 7,True,Official author-code direct competitor,official author-code wrapped; Q192/start64/batch64/ens2/epochs2; self-rerun official code; no original-paper number copied,True
ALDH1,Official-AC-Active-ginl-cliff-air100k,5,18.0,6.819090848492928,27 10 13 18 22,True,Official author-code direct competitor (100k-screen subprotocol),official AC-Active code wrapped; AIR-derived assay molecules filtered by official featurizer; 100k screen/20k test GLARE/AC subprotocol; Q192/start64/batch64/ens2/epochs2; self-rerun; not copied from original paper,True
ALDH1,Official-GLARE-ginl-grpo-air100k,5,13.6,5.856620185738529,17 16 9 20 6,True,Official author-code direct competitor (100k-screen subprotocol),official GLARE code wrapped; AIR-derived assay molecules filtered by official featurizer; 100k screen/20k test GLARE subprotocol; Q192/start64/batch64/ens2/epochs2; self-rerun; not copied from original paper,True
ALDH1,AIR-LegacyUncGate,5,22.2,12.735776379946378,36 34 6 20 15,True,Ours,"ours; legacy similarity gate union guarded uncertainty-neighbor rescue; self-rerun same split, seeds, Q=192, B1=192; mean?std over 5 seeds",True
ALDH1,X1-UCB,5,5.8,1.3038404810405295,7 4 6 5 7,True,Recent AL route proxy,self-rerun uncertainty acquisition proxy; no original-paper number copied,True
ALDH1,X2-Diverse,5,8.8,1.9235384061671343,12 9 7 8 8,True,Recent AL route proxy,self-rerun diversity acquisition proxy; no original-paper number copied,True
ALDH1,X3-BalancedRank,5,7.4,3.781534080237808,5 6 14 5 7,True,Recent AL route proxy,self-rerun rank-fusion acquisition proxy; no original-paper number copied,True
ALDH1,X4-HitNeighbor,5,15.2,12.397580409095962,13 34 6 20 3,True,Strong non-gated heuristic / direct neighbor baseline,self-rerun hit-neighbor mechanism competitor proxy; no original-paper number copied,True
FEN1,AIR-SimGate-v2,5,3.2,2.683281572999748,2 1 1 5 7,True,AIR-family mechanism competitor,"ours; self-rerun in this repo; same split, seeds, Q=192, B1=192; mean±std over 5 seeds",True
FEN1,B10-AuditRule,5,1.2,0.4472135954999579,1 1 1 1 2,True,Audit / candidate-rescue baseline,"self-rerun B10 audit/candidate-rescue baseline; same split, seeds, Q=192, B1=192; no original-paper number copied",True
FEN1,B1-Fixed,5,1.0,0.0,1 1 1 1 1,True,Classic method,"self-rerun in this repo; same split, seeds, Q=192, B1=192; mean±std over 5 seeds",True
FEN1,X0-Random,5,1.0,0.0,1 1 1 1 1,True,Classic method,"self-rerun in this repo; same split, seeds, Q=192, B1=192; mean±std over 5 seeds",True
FEN1,AIR-HNDiv,5,2.8,2.4899799195977463,1 1 1 6 5,True,Mechanism competitor / ablation,"self-rerun in this repo; same split, seeds, Q=192, B1=192; mean±std over 5 seeds",True
FEN1,AIR-SafeCluster,5,3.2,2.683281572999748,2 1 1 5 7,True,Mechanism competitor / ablation,"self-rerun in this repo; same split, seeds, Q=192, B1=192; mean±std over 5 seeds",True
FEN1,Official-ChemScreener-BalancedRanking,5,1.6,0.8944271909999159,1 1 3 2 1,True,Official author-code direct competitor,"official ChemScreener code wrapped in AIR protocol; self-rerun; same assay split, seeds, Q=192, B1=192; no original-paper number copied",True
FEN1,Official-AC-Active-ginl-cliff-air100k,5,1.4,0.5477225575051661,2 2 1 1 1,True,Official author-code direct competitor (100k-screen subprotocol),official AC-Active code wrapped; AIR-derived assay molecules filtered by official featurizer; 100k screen/20k test GLARE/AC subprotocol; Q192/start64/batch64/ens2/epochs2; self-rerun; not copied from original paper,True
FEN1,Official-GLARE-ginl-grpo-air100k,5,1.2,0.447213595499958,1 2 1 1 1,True,Official author-code direct competitor (100k-screen subprotocol),official GLARE code wrapped; AIR-derived assay molecules filtered by official featurizer; 100k screen/20k test GLARE subprotocol; Q192/start64/batch64/ens2/epochs2; self-rerun; not copied from original paper,True
FEN1,AIR-LegacyUncGate,5,3.2,2.683281572999748,2 1 1 5 7,True,Ours,"ours; legacy similarity gate union guarded uncertainty-neighbor rescue; self-rerun same split, seeds, Q=192, B1=192; mean?std over 5 seeds",True
FEN1,X1-UCB,5,1.4,0.5477225575051661,1 2 1 1 2,True,Recent AL route proxy,self-rerun uncertainty acquisition proxy; no original-paper number copied,True
FEN1,X2-Diverse,5,1.4,0.5477225575051661,1 2 2 1 1,True,Recent AL route proxy,self-rerun diversity acquisition proxy; no original-paper number copied,True
FEN1,X3-BalancedRank,5,1.0,0.0,1 1 1 1 1,True,Recent AL route proxy,self-rerun rank-fusion acquisition proxy; no original-paper number copied,True
FEN1,X4-HitNeighbor,5,2.8,2.16794833886788,2 1 1 6 4,True,Strong non-gated heuristic / direct neighbor baseline,self-rerun hit-neighbor mechanism competitor proxy; no original-paper number copied,True
GBA,AIR-SimGate-v2,5,6.6,5.549774770204643,1 11 1 7 13,True,AIR-family mechanism competitor,"ours; self-rerun in this repo; same split, seeds, Q=192, B1=192; mean±std over 5 seeds",True
GBA,B10-AuditRule,5,3.6,3.9749213828703582,1 1 1 5 10,True,Audit / candidate-rescue baseline,"self-rerun B10 audit/candidate-rescue baseline; same split, seeds, Q=192, B1=192; no original-paper number copied",True
GBA,B1-Fixed,5,2.0,1.224744871391589,1 2 1 2 4,True,Classic method,"self-rerun in this repo; same split, seeds, Q=192, B1=192; mean±std over 5 seeds",True
GBA,X0-Random,5,1.0,0.0,1 1 1 1 1,True,Classic method,"self-rerun in this repo; same split, seeds, Q=192, B1=192; mean±std over 5 seeds",True
GBA,AIR-HNDiv,5,6.2,5.019960159204453,1 11 1 7 11,True,Mechanism competitor / ablation,"self-rerun in this repo; same split, seeds, Q=192, B1=192; mean±std over 5 seeds",True
GBA,AIR-SafeCluster,5,4.8,3.898717737923586,1 5 1 7 10,True,Mechanism competitor / ablation,"self-rerun in this repo; same split, seeds, Q=192, B1=192; mean±std over 5 seeds",True
GBA,Official-ChemScreener-BalancedRanking,5,3.8,6.260990336999411,1 1 1 1 15,True,Official author-code direct competitor,"official ChemScreener code wrapped in AIR protocol; self-rerun; same assay split, seeds, Q=192, B1=192; no original-paper number copied",True
GBA,Official-AC-Active-ginl-cliff-air100k,5,5.4,2.6076809620810595,7 1 5 7 7,True,Official author-code direct competitor (100k-screen subprotocol),official AC-Active code wrapped; AIR-derived assay molecules filtered by official featurizer; 100k screen/20k test GLARE/AC subprotocol; Q192/start64/batch64/ens2/epochs2; self-rerun; not copied from original paper,True
GBA,Official-GLARE-ginl-grpo-air100k,5,4.0,2.8284271247461903,3 1 2 7 7,True,Official author-code direct competitor (100k-screen subprotocol),official GLARE code wrapped; AIR-derived assay molecules filtered by official featurizer; 100k screen/20k test GLARE subprotocol; Q192/start64/batch64/ens2/epochs2; self-rerun; not copied from original paper,True
GBA,AIR-LegacyUncGate,5,6.6,5.549774770204643,1 11 1 7 13,True,Ours,"ours; legacy similarity gate union guarded uncertainty-neighbor rescue; self-rerun same split, seeds, Q=192, B1=192; mean?std over 5 seeds",True
GBA,X1-UCB,5,1.8,0.8366600265340756,1 3 2 1 2,True,Recent AL route proxy,self-rerun uncertainty acquisition proxy; no original-paper number copied,True
GBA,X2-Diverse,5,1.8,1.0954451150103324,3 1 1 3 1,True,Recent AL route proxy,self-rerun diversity acquisition proxy; no original-paper number copied,True
GBA,X3-BalancedRank,5,1.0,0.0,1 1 1 1 1,True,Recent AL route proxy,self-rerun rank-fusion acquisition proxy; no original-paper number copied,True
GBA,X4-HitNeighbor,5,6.6,5.549774770204643,1 11 1 7 13,True,Strong non-gated heuristic / direct neighbor baseline,self-rerun hit-neighbor mechanism competitor proxy; no original-paper number copied,True
IDH1,AIR-SimGate-v2,5,1.2,0.4472135954999579,1 1 2 1 1,True,AIR-family mechanism competitor,"ours; self-rerun in this repo; same split, seeds, Q=192, B1=192; mean±std over 5 seeds",True
IDH1,B10-AuditRule,5,1.0,0.0,1 1 1 1 1,True,Audit / candidate-rescue baseline,"self-rerun B10 audit/candidate-rescue baseline; same split, seeds, Q=192, B1=192; no original-paper number copied",True
IDH1,B1-Fixed,5,1.2,0.447213595499958,2 1 1 1 1,True,Classic method,"self-rerun in this repo; same split, seeds, Q=192, B1=192; mean±std over 5 seeds",True
IDH1,X0-Random,5,1.0,0.0,1 1 1 1 1,True,Classic method,"self-rerun in this repo; same split, seeds, Q=192, B1=192; mean±std over 5 seeds",True
IDH1,AIR-HNDiv,5,1.2,0.4472135954999579,1 1 2 1 1,True,Mechanism competitor / ablation,"self-rerun in this repo; same split, seeds, Q=192, B1=192; mean±std over 5 seeds",True
IDH1,AIR-SafeCluster,5,1.2,0.447213595499958,1 2 1 1 1,True,Mechanism competitor / ablation,"self-rerun in this repo; same split, seeds, Q=192, B1=192; mean±std over 5 seeds",True
IDH1,Official-ChemScreener-BalancedRanking,5,1.0,0.0,1 1 1 1 1,True,Official author-code direct competitor,"official ChemScreener code wrapped in AIR protocol; self-rerun; same assay split, seeds, Q=192, B1=192; no original-paper number copied",True
IDH1,Official-AC-Active-ginl-cliff-air100k,5,2.0,1.0,1 3 3 1 2,True,Official author-code direct competitor (100k-screen subprotocol),official AC-Active code wrapped; AIR-derived assay molecules filtered by official featurizer; 100k screen/20k test GLARE/AC subprotocol; Q192/start64/batch64/ens2/epochs2; self-rerun; not copied from original paper,True
IDH1,Official-GLARE-ginl-grpo-air100k,5,1.8,0.8366600265340756,2 3 2 1 1,True,Official author-code direct competitor (100k-screen subprotocol),official GLARE code wrapped; AIR-derived assay molecules filtered by official featurizer; 100k screen/20k test GLARE subprotocol; Q192/start64/batch64/ens2/epochs2; self-rerun; not copied from original paper,True
IDH1,AIR-LegacyUncGate,5,1.2,0.4472135954999579,1 1 2 1 1,True,Ours,"ours; legacy similarity gate union guarded uncertainty-neighbor rescue; self-rerun same split, seeds, Q=192, B1=192; mean?std over 5 seeds",True
IDH1,X1-UCB,5,1.0,0.0,1 1 1 1 1,True,Recent AL route proxy,self-rerun uncertainty acquisition proxy; no original-paper number copied,True
IDH1,X2-Diverse,5,1.0,0.0,1 1 1 1 1,True,Recent AL route proxy,self-rerun diversity acquisition proxy; no original-paper number copied,True
IDH1,X3-BalancedRank,5,1.0,0.0,1 1 1 1 1,True,Recent AL route proxy,self-rerun rank-fusion acquisition proxy; no original-paper number copied,True
IDH1,X4-HitNeighbor,5,1.2,0.4472135954999579,1 1 2 1 1,True,Strong non-gated heuristic / direct neighbor baseline,self-rerun hit-neighbor mechanism competitor proxy; no original-paper number copied,True
KAT2A,AIR-SimGate-v2,5,1.2,0.447213595499958,1 2 1 1 1,True,AIR-family mechanism competitor,"ours; self-rerun in this repo; same split, seeds, Q=192, B1=192; mean±std over 5 seeds",True
KAT2A,B10-AuditRule,5,1.0,0.0,1 1 1 1 1,True,Audit / candidate-rescue baseline,"self-rerun B10 audit/candidate-rescue baseline; same split, seeds, Q=192, B1=192; no original-paper number copied",True
KAT2A,B1-Fixed,5,1.0,0.0,1 1 1 1 1,True,Classic method,"self-rerun in this repo; same split, seeds, Q=192, B1=192; mean±std over 5 seeds",True
KAT2A,X0-Random,5,1.2,0.4472135954999579,1 1 1 2 1,True,Classic method,"self-rerun in this repo; same split, seeds, Q=192, B1=192; mean±std over 5 seeds",True
KAT2A,AIR-HNDiv,5,1.0,0.0,1 1 1 1 1,True,Mechanism competitor / ablation,"self-rerun in this repo; same split, seeds, Q=192, B1=192; mean±std over 5 seeds",True
KAT2A,AIR-SafeCluster,5,1.2,0.447213595499958,1 2 1 1 1,True,Mechanism competitor / ablation,"self-rerun in this repo; same split, seeds, Q=192, B1=192; mean±std over 5 seeds",True
KAT2A,Official-ChemScreener-BalancedRanking,5,1.0,0.0,1 1 1 1 1,True,Official author-code direct competitor,"official ChemScreener code wrapped in AIR protocol; self-rerun; same assay split, seeds, Q=192, B1=192; no original-paper number copied",True
KAT2A,Official-AC-Active-ginl-cliff-air100k,5,1.8,0.8366600265340756,1 3 2 2 1,True,Official author-code direct competitor (100k-screen subprotocol),official AC-Active code wrapped; AIR-derived assay molecules filtered by official featurizer; 100k screen/20k test GLARE/AC subprotocol; Q192/start64/batch64/ens2/epochs2; self-rerun; not copied from original paper,True
KAT2A,Official-GLARE-ginl-grpo-air100k,5,1.0,0.0,1 1 1 1 1,True,Official author-code direct competitor (100k-screen subprotocol),official GLARE code wrapped; AIR-derived assay molecules filtered by official featurizer; 100k screen/20k test GLARE subprotocol; Q192/start64/batch64/ens2/epochs2; self-rerun; not copied from original paper,True
KAT2A,AIR-LegacyUncGate,5,1.2,0.447213595499958,1 2 1 1 1,True,Ours,"ours; legacy similarity gate union guarded uncertainty-neighbor rescue; self-rerun same split, seeds, Q=192, B1=192; mean?std over 5 seeds",True
KAT2A,X1-UCB,5,1.0,0.0,1 1 1 1 1,True,Recent AL route proxy,self-rerun uncertainty acquisition proxy; no original-paper number copied,True
KAT2A,X2-Diverse,5,1.0,0.0,1 1 1 1 1,True,Recent AL route proxy,self-rerun diversity acquisition proxy; no original-paper number copied,True
KAT2A,X3-BalancedRank,5,1.0,0.0,1 1 1 1 1,True,Recent AL route proxy,self-rerun rank-fusion acquisition proxy; no original-paper number copied,True
KAT2A,X4-HitNeighbor,5,1.0,0.0,1 1 1 1 1,True,Strong non-gated heuristic / direct neighbor baseline,self-rerun hit-neighbor mechanism competitor proxy; no original-paper number copied,True
MAPK1,AIR-SimGate-v2,5,4.4,3.911521443121589,2 5 2 11 2,True,AIR-family mechanism competitor,"ours; self-rerun in this repo; same split, seeds, Q=192, B1=192; mean±std over 5 seeds",True
MAPK1,B10-AuditRule,5,1.8,1.0954451150103324,1 3 1 3 1,True,Audit / candidate-rescue baseline,"self-rerun B10 audit/candidate-rescue baseline; same split, seeds, Q=192, B1=192; no original-paper number copied",True
MAPK1,B1-Fixed,5,1.6,0.5477225575051661,1 2 2 1 2,True,Classic method,"self-rerun in this repo; same split, seeds, Q=192, B1=192; mean±std over 5 seeds",True
MAPK1,X0-Random,5,1.6,0.5477225575051661,2 2 1 1 2,True,Classic method,"self-rerun in this repo; same split, seeds, Q=192, B1=192; mean±std over 5 seeds",True
MAPK1,AIR-HNDiv,5,3.4,4.277849927241488,2 1 2 11 1,True,Mechanism competitor / ablation,"self-rerun in this repo; same split, seeds, Q=192, B1=192; mean±std over 5 seeds",True
MAPK1,AIR-SafeCluster,5,4.4,3.911521443121589,2 5 2 11 2,True,Mechanism competitor / ablation,"self-rerun in this repo; same split, seeds, Q=192, B1=192; mean±std over 5 seeds",True
MAPK1,Official-ChemScreener-BalancedRanking,5,1.0,0.0,1 1 1 1 1,True,Official author-code direct competitor,"official ChemScreener code wrapped in AIR protocol; self-rerun; same assay split, seeds, Q=192, B1=192; no original-paper number copied",True
MAPK1,Official-AC-Active-ginl-cliff-air100k,5,2.6,1.51657508881031,3 4 1 4 1,True,Official author-code direct competitor (100k-screen subprotocol),official AC-Active code wrapped; AIR-derived assay molecules filtered by official featurizer; 100k screen/20k test GLARE/AC subprotocol; Q192/start64/batch64/ens2/epochs2; self-rerun; not copied from original paper,True
MAPK1,Official-GLARE-ginl-grpo-air100k,5,2.4,1.6733200530681511,2 5 1 3 1,True,Official author-code direct competitor (100k-screen subprotocol),official GLARE code wrapped; AIR-derived assay molecules filtered by official featurizer; 100k screen/20k test GLARE subprotocol; Q192/start64/batch64/ens2/epochs2; self-rerun; not copied from original paper,True
MAPK1,AIR-LegacyUncGate,5,4.4,3.911521443121589,2 5 2 11 2,True,Ours,"ours; legacy similarity gate union guarded uncertainty-neighbor rescue; self-rerun same split, seeds, Q=192, B1=192; mean?std over 5 seeds",True
MAPK1,X1-UCB,5,2.4,1.3416407864998738,1 3 1 4 3,True,Recent AL route proxy,self-rerun uncertainty acquisition proxy; no original-paper number copied,True
MAPK1,X2-Diverse,5,2.0,1.7320508075688772,5 1 1 1 2,True,Recent AL route proxy,self-rerun diversity acquisition proxy; no original-paper number copied,True
MAPK1,X3-BalancedRank,5,1.4,0.5477225575051661,2 1 2 1 1,True,Recent AL route proxy,self-rerun rank-fusion acquisition proxy; no original-paper number copied,True
MAPK1,X4-HitNeighbor,5,3.2,3.8340579025361614,2 1 2 10 1,True,Strong non-gated heuristic / direct neighbor baseline,self-rerun hit-neighbor mechanism competitor proxy; no original-paper number copied,True
MTORC1,AIR-SimGate-v2,5,3.8,0.4472135954999578,3 4 4 4 4,True,AIR-family mechanism competitor,"ours; self-rerun in this repo; same split, seeds, Q=192, B1=192; mean±std over 5 seeds",True
MTORC1,B10-AuditRule,5,3.4,0.5477225575051661,4 3 3 3 4,True,Audit / candidate-rescue baseline,"self-rerun B10 audit/candidate-rescue baseline; same split, seeds, Q=192, B1=192; no original-paper number copied",True
MTORC1,B1-Fixed,5,3.2,0.4472135954999579,3 3 4 3 3,True,Classic method,"self-rerun in this repo; same split, seeds, Q=192, B1=192; mean±std over 5 seeds",True
MTORC1,X0-Random,5,1.0,0.0,1 1 1 1 1,True,Classic method,"self-rerun in this repo; same split, seeds, Q=192, B1=192; mean±std over 5 seeds",True
MTORC1,AIR-HNDiv,5,2.0,1.4142135623730951,1 3 1 1 4,True,Mechanism competitor / ablation,"self-rerun in this repo; same split, seeds, Q=192, B1=192; mean±std over 5 seeds",True
MTORC1,AIR-SafeCluster,5,3.8,0.4472135954999578,3 4 4 4 4,True,Mechanism competitor / ablation,"self-rerun in this repo; same split, seeds, Q=192, B1=192; mean±std over 5 seeds",True
MTORC1,Official-ChemScreener-BalancedRanking,5,4.4,2.1908902300206643,3 3 8 5 3,True,Official author-code direct competitor,"official ChemScreener code wrapped in AIR protocol; self-rerun; same assay split, seeds, Q=192, B1=192; no original-paper number copied",True
MTORC1,Official-AC-Active-ginl-cliff-air100k,5,2.4,1.949358868961793,5 1 4 1 1,True,Official author-code direct competitor (100k-screen subprotocol),official AC-Active code wrapped; AIR-derived assay molecules filtered by official featurizer; 100k screen/20k test GLARE/AC subprotocol; Q192/start64/batch64/ens2/epochs2; self-rerun; not copied from original paper,True
MTORC1,Official-GLARE-ginl-grpo-air100k,5,3.2,2.9495762407505253,4 8 2 1 1,True,Official author-code direct competitor (100k-screen subprotocol),official GLARE code wrapped; AIR-derived assay molecules filtered by official featurizer; 100k screen/20k test GLARE subprotocol; Q192/start64/batch64/ens2/epochs2; self-rerun; not copied from original paper,True
MTORC1,AIR-LegacyUncGate,5,3.8,0.4472135954999578,3 4 4 4 4,True,Ours,"ours; legacy similarity gate union guarded uncertainty-neighbor rescue; self-rerun same split, seeds, Q=192, B1=192; mean?std over 5 seeds",True
MTORC1,X1-UCB,5,1.6,0.8944271909999159,2 1 1 1 3,True,Recent AL route proxy,self-rerun uncertainty acquisition proxy; no original-paper number copied,True
MTORC1,X2-Diverse,5,1.6,0.5477225575051661,1 2 2 1 2,True,Recent AL route proxy,self-rerun diversity acquisition proxy; no original-paper number copied,True
MTORC1,X3-BalancedRank,5,1.2,0.447213595499958,1 2 1 1 1,True,Recent AL route proxy,self-rerun rank-fusion acquisition proxy; no original-paper number copied,True
MTORC1,X4-HitNeighbor,5,2.0,1.4142135623730951,1 3 1 1 4,True,Strong non-gated heuristic / direct neighbor baseline,self-rerun hit-neighbor mechanism competitor proxy; no original-paper number copied,True
OPRK1,AIR-SimGate-v2,5,4.4,4.219004621945797,9 9 1 2 1,True,AIR-family mechanism competitor,"ours; self-rerun in this repo; same split, seeds, Q=192, B1=192; mean±std over 5 seeds",True
OPRK1,B10-AuditRule,5,1.6,1.3416407864998738,4 1 1 1 1,True,Audit / candidate-rescue baseline,"self-rerun B10 audit/candidate-rescue baseline; same split, seeds, Q=192, B1=192; no original-paper number copied",True
OPRK1,B1-Fixed,5,3.4,3.361547262794322,6 8 1 1 1,True,Classic method,"self-rerun in this repo; same split, seeds, Q=192, B1=192; mean±std over 5 seeds",True
OPRK1,X0-Random,5,1.0,0.0,1 1 1 1 1,True,Classic method,"self-rerun in this repo; same split, seeds, Q=192, B1=192; mean±std over 5 seeds",True
OPRK1,AIR-HNDiv,5,3.2,3.03315017762062,6 7 1 1 1,True,Mechanism competitor / ablation,"self-rerun in this repo; same split, seeds, Q=192, B1=192; mean±std over 5 seeds",True
OPRK1,AIR-SafeCluster,5,4.4,4.219004621945797,9 9 1 2 1,True,Mechanism competitor / ablation,"self-rerun in this repo; same split, seeds, Q=192, B1=192; mean±std over 5 seeds",True
OPRK1,Official-ChemScreener-BalancedRanking,5,2.0,2.23606797749979,1 6 1 1 1,True,Official author-code direct competitor,"official ChemScreener code wrapped in AIR protocol; self-rerun; same assay split, seeds, Q=192, B1=192; no original-paper number copied",True
OPRK1,Official-AC-Active-ginl-cliff-air100k,5,1.4,0.8944271909999159,1 1 1 1 3,True,Official author-code direct competitor (100k-screen subprotocol),official AC-Active code wrapped; AIR-derived assay molecules filtered by official featurizer; 100k screen/20k test GLARE/AC subprotocol; Q192/start64/batch64/ens2/epochs2; self-rerun; not copied from original paper,True
OPRK1,Official-GLARE-ginl-grpo-air100k,5,1.4,0.8944271909999159,1 1 1 1 3,True,Official author-code direct competitor (100k-screen subprotocol),official GLARE code wrapped; AIR-derived assay molecules filtered by official featurizer; 100k screen/20k test GLARE subprotocol; Q192/start64/batch64/ens2/epochs2; self-rerun; not copied from original paper,True
OPRK1,AIR-LegacyUncGate,5,4.4,4.219004621945797,9 9 1 2 1,True,Ours,"ours; legacy similarity gate union guarded uncertainty-neighbor rescue; self-rerun same split, seeds, Q=192, B1=192; mean?std over 5 seeds",True
OPRK1,X1-UCB,5,1.0,0.0,1 1 1 1 1,True,Recent AL route proxy,self-rerun uncertainty acquisition proxy; no original-paper number copied,True
OPRK1,X2-Diverse,5,1.0,0.0,1 1 1 1 1,True,Recent AL route proxy,self-rerun diversity acquisition proxy; no original-paper number copied,True
OPRK1,X3-BalancedRank,5,1.0,0.0,1 1 1 1 1,True,Recent AL route proxy,self-rerun rank-fusion acquisition proxy; no original-paper number copied,True
OPRK1,X4-HitNeighbor,5,3.2,3.03315017762062,6 7 1 1 1,True,Strong non-gated heuristic / direct neighbor baseline,self-rerun hit-neighbor mechanism competitor proxy; no original-paper number copied,True
PKM2,AIR-SimGate-v2,5,3.2,1.9235384061671343,3 2 6 1 4,True,AIR-family mechanism competitor,"ours; self-rerun in this repo; same split, seeds, Q=192, B1=192; mean±std over 5 seeds",True
PKM2,B10-AuditRule,5,1.2,0.4472135954999579,1 1 2 1 1,True,Audit / candidate-rescue baseline,"self-rerun B10 audit/candidate-rescue baseline; same split, seeds, Q=192, B1=192; no original-paper number copied",True
PKM2,B1-Fixed,5,1.4,0.5477225575051661,1 1 2 1 2,True,Classic method,"self-rerun in this repo; same split, seeds, Q=192, B1=192; mean±std over 5 seeds",True
PKM2,X0-Random,5,1.2,0.4472135954999579,1 1 1 1 2,True,Classic method,"self-rerun in this repo; same split, seeds, Q=192, B1=192; mean±std over 5 seeds",True
PKM2,AIR-HNDiv,5,2.2,1.6431676725154984,1 5 1 2 2,True,Mechanism competitor / ablation,"self-rerun in this repo; same split, seeds, Q=192, B1=192; mean±std over 5 seeds",True
PKM2,AIR-SafeCluster,5,3.2,1.9235384061671343,3 2 6 1 4,True,Mechanism competitor / ablation,"self-rerun in this repo; same split, seeds, Q=192, B1=192; mean±std over 5 seeds",True
PKM2,Official-ChemScreener-BalancedRanking,5,1.6,1.3416407864998738,1 1 1 1 4,True,Official author-code direct competitor,"official ChemScreener code wrapped in AIR protocol; self-rerun; same assay split, seeds, Q=192, B1=192; no original-paper number copied",True
PKM2,Official-AC-Active-ginl-cliff-air100k,5,2.8,1.9235384061671343,1 2 2 6 3,True,Official author-code direct competitor (100k-screen subprotocol),official AC-Active code wrapped; AIR-derived assay molecules filtered by official featurizer; 100k screen/20k test GLARE/AC subprotocol; Q192/start64/batch64/ens2/epochs2; self-rerun; not copied from original paper,True
PKM2,Official-GLARE-ginl-grpo-air100k,5,2.8,1.6431676725154984,2 1 2 4 5,True,Official author-code direct competitor (100k-screen subprotocol),official GLARE code wrapped; AIR-derived assay molecules filtered by official featurizer; 100k screen/20k test GLARE subprotocol; Q192/start64/batch64/ens2/epochs2; self-rerun; not copied from original paper,True
PKM2,AIR-LegacyUncGate,5,3.2,1.9235384061671343,3 2 6 1 4,True,Ours,"ours; legacy similarity gate union guarded uncertainty-neighbor rescue; self-rerun same split, seeds, Q=192, B1=192; mean?std over 5 seeds",True
PKM2,X1-UCB,5,1.0,0.0,1 1 1 1 1,True,Recent AL route proxy,self-rerun uncertainty acquisition proxy; no original-paper number copied,True
PKM2,X2-Diverse,5,1.0,0.0,1 1 1 1 1,True,Recent AL route proxy,self-rerun diversity acquisition proxy; no original-paper number copied,True
PKM2,X3-BalancedRank,5,1.2,0.4472135954999579,1 1 2 1 1,True,Recent AL route proxy,self-rerun rank-fusion acquisition proxy; no original-paper number copied,True
PKM2,X4-HitNeighbor,5,2.0,1.224744871391589,1 2 1 2 4,True,Strong non-gated heuristic / direct neighbor baseline,self-rerun hit-neighbor mechanism competitor proxy; no original-paper number copied,True
VDR,AIR-SimGate-v2,5,5.4,5.727128425310542,5 1 1 15 5,True,AIR-family mechanism competitor,"ours; self-rerun in this repo; same split, seeds, Q=192, B1=192; mean±std over 5 seeds",True
VDR,B10-AuditRule,5,2.2,1.3038404810405295,4 1 1 2 3,True,Audit / candidate-rescue baseline,"self-rerun B10 audit/candidate-rescue baseline; same split, seeds, Q=192, B1=192; no original-paper number copied",True
VDR,B1-Fixed,5,2.4,1.6733200530681511,2 1 1 3 5,True,Classic method,"self-rerun in this repo; same split, seeds, Q=192, B1=192; mean±std over 5 seeds",True
VDR,X0-Random,5,1.6,0.8944271909999159,2 1 3 1 1,True,Classic method,"self-rerun in this repo; same split, seeds, Q=192, B1=192; mean±std over 5 seeds",True
VDR,AIR-HNDiv,5,2.4,2.6076809620810595,1 2 1 1 7,True,Mechanism competitor / ablation,"self-rerun in this repo; same split, seeds, Q=192, B1=192; mean±std over 5 seeds",True
VDR,AIR-SafeCluster,5,5.4,5.727128425310542,5 1 1 15 5,True,Mechanism competitor / ablation,"self-rerun in this repo; same split, seeds, Q=192, B1=192; mean±std over 5 seeds",True
VDR,Official-ChemScreener-BalancedRanking,5,2.2,1.3038404810405297,2 1 1 4 3,True,Official author-code direct competitor,"official ChemScreener code wrapped in AIR protocol; self-rerun; same assay split, seeds, Q=192, B1=192; no original-paper number copied",True
VDR,Official-AC-Active-ginl-cliff-air100k,5,2.6,1.51657508881031,3 2 1 5 2,True,Official author-code direct competitor (100k-screen subprotocol),official AC-Active code wrapped; AIR-derived assay molecules filtered by official featurizer; 100k screen/20k test GLARE/AC subprotocol; Q192/start64/batch64/ens2/epochs2; self-rerun; not copied from original paper,True
VDR,Official-GLARE-ginl-grpo-air100k,5,1.6,1.3416407864998738,1 1 1 4 1,True,Official author-code direct competitor (100k-screen subprotocol),official GLARE code wrapped; AIR-derived assay molecules filtered by official featurizer; 100k screen/20k test GLARE subprotocol; Q192/start64/batch64/ens2/epochs2; self-rerun; not copied from original paper,True
VDR,AIR-LegacyUncGate,5,6.0,5.830951894845301,5 1 1 15 8,True,Ours,"ours; legacy similarity gate union guarded uncertainty-neighbor rescue; self-rerun same split, seeds, Q=192, B1=192; mean?std over 5 seeds",True
VDR,X1-UCB,5,1.0,0.0,1 1 1 1 1,True,Recent AL route proxy,self-rerun uncertainty acquisition proxy; no original-paper number copied,True
VDR,X2-Diverse,5,1.6,0.8944271909999159,1 1 2 1 3,True,Recent AL route proxy,self-rerun diversity acquisition proxy; no original-paper number copied,True
VDR,X3-BalancedRank,5,1.0,0.0,1 1 1 1 1,True,Recent AL route proxy,self-rerun rank-fusion acquisition proxy; no original-paper number copied,True
VDR,X4-HitNeighbor,5,2.6,3.049590136395381,1 2 1 1 8,True,Strong non-gated heuristic / direct neighbor baseline,self-rerun hit-neighbor mechanism competitor proxy; no original-paper number copied,True
