status,protocol,warning,assay,seed,method,n,total_active,Q_base,B1_base,q0_base,Q,B1,q0,rounds,q_spent,b1_spent,hits,recall,nef,seed_hits,audit_hits,normal_hits,reentry_hits,seed_queries,audit_queries,normal_queries,reentry_queries,audit_gate_min_queries,audit_gate_disabled_rounds,reentry_gate_disabled_rounds,reentry_gate_throttled_rounds,budget_ok
pass,p1_guarded_pilot_v0,single-task guarded p1 pilot; capped budgets/short epochs are not formal E07 primary results unless caps are unset and preregistered settings are used,ADRB2,47001,AIR_p1_legacy_unc_neighbor_gate,311928,17,1000,5000,64,192,192,64,4,192,192,1,0.058823529411764705,95.56617647058823,1,0,0,0,64,0,128,0,10,0,0,0,True
pass,p1_guarded_pilot_v0,single-task guarded p1 pilot; capped budgets/short epochs are not formal E07 primary results unless caps are unset and preregistered settings are used,ADRB2,47002,AIR_p1_legacy_unc_neighbor_gate,311928,17,1000,5000,64,192,192,64,4,192,192,1,0.058823529411764705,95.56617647058823,1,0,0,0,64,0,128,0,10,0,0,0,True
pass,p1_guarded_pilot_v0,single-task guarded p1 pilot; capped budgets/short epochs are not formal E07 primary results unless caps are unset and preregistered settings are used,ADRB2,47003,AIR_p1_legacy_unc_neighbor_gate,311928,17,1000,5000,64,192,192,64,4,192,192,1,0.058823529411764705,95.56617647058823,1,0,0,0,64,0,128,0,10,0,0,0,True
pass,p1_guarded_pilot_v0,single-task guarded p1 pilot; capped budgets/short epochs are not formal E07 primary results unless caps are unset and preregistered settings are used,ADRB2,47004,AIR_p1_legacy_unc_neighbor_gate,311928,17,1000,5000,64,192,192,64,4,192,192,2,0.11764705882352941,191.13235294117646,1,0,1,0,64,0,128,0,10,0,0,0,True
pass,p1_guarded_pilot_v0,single-task guarded p1 pilot; capped budgets/short epochs are not formal E07 primary results unless caps are unset and preregistered settings are used,ADRB2,47005,AIR_p1_legacy_unc_neighbor_gate,311928,17,1000,5000,64,192,192,64,4,192,192,2,0.11764705882352941,191.13235294117646,1,0,1,0,64,0,128,0,10,0,0,0,True
pass,p1_guarded_pilot_v0,single-task guarded p1 pilot; capped budgets/short epochs are not formal E07 primary results unless caps are unset and preregistered settings are used,ALDH1,47001,AIR_p1_legacy_unc_neighbor_gate,142852,7123,1000,5000,64,192,192,64,4,192,192,36,0.005054050259722027,3.7603186859469324,1,0,35,0,64,0,128,0,10,0,0,0,True
pass,p1_guarded_pilot_v0,single-task guarded p1 pilot; capped budgets/short epochs are not formal E07 primary results unless caps are unset and preregistered settings are used,ALDH1,47002,AIR_p1_legacy_unc_neighbor_gate,142852,7123,1000,5000,64,192,192,64,4,192,192,34,0.00477326968973747,3.551412092283214,1,0,33,0,64,0,128,0,10,0,0,0,True
pass,p1_guarded_pilot_v0,single-task guarded p1 pilot; capped budgets/short epochs are not formal E07 primary results unless caps are unset and preregistered settings are used,ALDH1,47003,AIR_p1_legacy_unc_neighbor_gate,142852,7123,1000,5000,64,192,192,64,4,192,192,6,0.0008423417099536712,0.6267197809911554,1,0,5,0,64,0,128,0,10,0,0,0,True
pass,p1_guarded_pilot_v0,single-task guarded p1 pilot; capped budgets/short epochs are not formal E07 primary results unless caps are unset and preregistered settings are used,ALDH1,47004,AIR_p1_legacy_unc_neighbor_gate,142852,7123,1000,5000,64,192,192,64,4,192,192,20,0.002807805699845571,2.089065936637185,1,0,19,0,64,0,128,0,10,0,0,0,True
pass,p1_guarded_pilot_v0,single-task guarded p1 pilot; capped budgets/short epochs are not formal E07 primary results unless caps are unset and preregistered settings are used,ALDH1,47005,AIR_p1_legacy_unc_neighbor_gate,142852,7123,1000,5000,64,192,192,64,4,192,192,15,0.002105854274884178,1.5667994524778885,1,0,14,0,64,0,128,0,10,0,0,0,True
pass,p1_guarded_pilot_v0,single-task guarded p1 pilot; capped budgets/short epochs are not formal E07 primary results unless caps are unset and preregistered settings are used,FEN1,47001,AIR_p1_legacy_unc_neighbor_gate,351445,352,1000,5000,64,192,192,64,4,192,192,2,0.005681818181818182,10.400242660984848,1,0,1,0,64,0,128,0,10,0,0,0,True
pass,p1_guarded_pilot_v0,single-task guarded p1 pilot; capped budgets/short epochs are not formal E07 primary results unless caps are unset and preregistered settings are used,FEN1,47002,AIR_p1_legacy_unc_neighbor_gate,351445,352,1000,5000,64,192,192,64,4,192,192,1,0.002840909090909091,5.200121330492424,1,0,0,0,64,0,128,0,10,0,0,0,True
pass,p1_guarded_pilot_v0,single-task guarded p1 pilot; capped budgets/short epochs are not formal E07 primary results unless caps are unset and preregistered settings are used,FEN1,47003,AIR_p1_legacy_unc_neighbor_gate,351445,352,1000,5000,64,192,192,64,4,192,192,1,0.002840909090909091,5.200121330492424,1,0,0,0,64,0,128,0,10,0,0,0,True
pass,p1_guarded_pilot_v0,single-task guarded p1 pilot; capped budgets/short epochs are not formal E07 primary results unless caps are unset and preregistered settings are used,FEN1,47004,AIR_p1_legacy_unc_neighbor_gate,351445,352,1000,5000,64,192,192,64,4,192,192,5,0.014204545454545454,26.00060665246212,1,0,4,0,64,0,128,0,10,0,0,0,True
pass,p1_guarded_pilot_v0,single-task guarded p1 pilot; capped budgets/short epochs are not formal E07 primary results unless caps are unset and preregistered settings are used,FEN1,47005,AIR_p1_legacy_unc_neighbor_gate,351445,352,1000,5000,64,192,192,64,4,192,192,7,0.019886363636363636,36.40084931344697,1,0,6,0,64,0,128,0,10,0,0,0,True
pass,p1_guarded_pilot_v0,single-task guarded p1 pilot; capped budgets/short epochs are not formal E07 primary results unless caps are unset and preregistered settings are used,GBA,47001,AIR_p1_legacy_unc_neighbor_gate,291906,160,1000,5000,64,192,192,64,4,192,192,1,0.00625,9.502148437499999,1,0,0,0,64,0,128,0,10,0,0,0,True
pass,p1_guarded_pilot_v0,single-task guarded p1 pilot; capped budgets/short epochs are not formal E07 primary results unless caps are unset and preregistered settings are used,GBA,47002,AIR_p1_legacy_unc_neighbor_gate,291906,160,1000,5000,64,192,192,64,4,192,192,11,0.06875,104.5236328125,1,0,10,0,64,0,128,0,10,0,0,0,True
pass,p1_guarded_pilot_v0,single-task guarded p1 pilot; capped budgets/short epochs are not formal E07 primary results unless caps are unset and preregistered settings are used,GBA,47003,AIR_p1_legacy_unc_neighbor_gate,291906,160,1000,5000,64,192,192,64,4,192,192,1,0.00625,9.502148437499999,1,0,0,0,64,0,128,0,10,0,0,0,True
pass,p1_guarded_pilot_v0,single-task guarded p1 pilot; capped budgets/short epochs are not formal E07 primary results unless caps are unset and preregistered settings are used,GBA,47004,AIR_p1_legacy_unc_neighbor_gate,291906,160,1000,5000,64,192,192,64,4,192,192,7,0.04375,66.51503906250001,1,0,6,0,64,0,128,0,10,0,0,0,True
pass,p1_guarded_pilot_v0,single-task guarded p1 pilot; capped budgets/short epochs are not formal E07 primary results unless caps are unset and preregistered settings are used,GBA,47005,AIR_p1_legacy_unc_neighbor_gate,291906,160,1000,5000,64,192,192,64,4,192,192,10,0.0625,95.021484375,1,0,9,0,64,0,128,0,10,0,0,0,True
pass,p1_guarded_pilot_v0,single-task guarded p1 pilot; capped budgets/short epochs are not formal E07 primary results unless caps are unset and preregistered settings are used,IDH1,47001,AIR_p1_legacy_unc_neighbor_gate,359102,39,1000,5000,64,192,192,64,4,192,192,1,0.02564102564102564,47.956997863247864,1,0,0,0,64,0,128,0,10,0,0,0,True
pass,p1_guarded_pilot_v0,single-task guarded p1 pilot; capped budgets/short epochs are not formal E07 primary results unless caps are unset and preregistered settings are used,IDH1,47002,AIR_p1_legacy_unc_neighbor_gate,359102,39,1000,5000,64,192,192,64,4,192,192,2,0.05128205128205128,95.91399572649573,1,0,1,0,64,0,128,0,10,0,0,0,True
pass,p1_guarded_pilot_v0,single-task guarded p1 pilot; capped budgets/short epochs are not formal E07 primary results unless caps are unset and preregistered settings are used,IDH1,47003,AIR_p1_legacy_unc_neighbor_gate,359102,39,1000,5000,64,192,192,64,4,192,192,1,0.02564102564102564,47.956997863247864,1,0,0,0,64,0,128,0,10,0,0,0,True
pass,p1_guarded_pilot_v0,single-task guarded p1 pilot; capped budgets/short epochs are not formal E07 primary results unless caps are unset and preregistered settings are used,IDH1,47004,AIR_p1_legacy_unc_neighbor_gate,359102,39,1000,5000,64,192,192,64,4,192,192,1,0.02564102564102564,47.956997863247864,1,0,0,0,64,0,128,0,10,0,0,0,True
pass,p1_guarded_pilot_v0,single-task guarded p1 pilot; capped budgets/short epochs are not formal E07 primary results unless caps are unset and preregistered settings are used,IDH1,47005,AIR_p1_legacy_unc_neighbor_gate,359102,39,1000,5000,64,192,192,64,4,192,192,1,0.02564102564102564,47.956997863247864,1,0,0,0,64,0,128,0,10,0,0,0,True
pass,p1_guarded_pilot_v0,single-task guarded p1 pilot; capped budgets/short epochs are not formal E07 primary results unless caps are unset and preregistered settings are used,KAT2A,47001,AIR_p1_legacy_unc_neighbor_gate,343431,187,1000,5000,64,192,192,64,4,192,192,1,0.0053475935828877,9.565257352941176,1,0,0,0,64,0,128,0,10,0,0,0,True
pass,p1_guarded_pilot_v0,single-task guarded p1 pilot; capped budgets/short epochs are not formal E07 primary results unless caps are unset and preregistered settings are used,KAT2A,47002,AIR_p1_legacy_unc_neighbor_gate,343431,187,1000,5000,64,192,192,64,4,192,192,2,0.0106951871657754,19.13051470588235,1,0,1,0,64,0,128,0,10,0,0,0,True
pass,p1_guarded_pilot_v0,single-task guarded p1 pilot; capped budgets/short epochs are not formal E07 primary results unless caps are unset and preregistered settings are used,KAT2A,47003,AIR_p1_legacy_unc_neighbor_gate,343431,187,1000,5000,64,192,192,64,4,192,192,1,0.0053475935828877,9.565257352941176,1,0,0,0,64,0,128,0,10,0,0,0,True
pass,p1_guarded_pilot_v0,single-task guarded p1 pilot; capped budgets/short epochs are not formal E07 primary results unless caps are unset and preregistered settings are used,KAT2A,47004,AIR_p1_legacy_unc_neighbor_gate,343431,187,1000,5000,64,192,192,64,4,192,192,1,0.0053475935828877,9.565257352941176,1,0,0,0,64,0,128,0,10,0,0,0,True
pass,p1_guarded_pilot_v0,single-task guarded p1 pilot; capped budgets/short epochs are not formal E07 primary results unless caps are unset and preregistered settings are used,KAT2A,47005,AIR_p1_legacy_unc_neighbor_gate,343431,187,1000,5000,64,192,192,64,4,192,192,1,0.0053475935828877,9.565257352941176,1,0,0,0,64,0,128,0,10,0,0,0,True
pass,p1_guarded_pilot_v0,single-task guarded p1 pilot; capped budgets/short epochs are not formal E07 primary results unless caps are unset and preregistered settings are used,MAPK1,47001,AIR_p1_legacy_unc_neighbor_gate,61988,302,620,3100,62,192,192,62,4,192,192,2,0.006622516556291391,2.13810706401766,1,0,1,0,62,0,130,0,10,0,0,0,True
pass,p1_guarded_pilot_v0,single-task guarded p1 pilot; capped budgets/short epochs are not formal E07 primary results unless caps are unset and preregistered settings are used,MAPK1,47002,AIR_p1_legacy_unc_neighbor_gate,61988,302,620,3100,62,192,192,62,4,192,192,5,0.016556291390728478,5.34526766004415,1,0,4,0,62,0,130,0,10,0,0,0,True
pass,p1_guarded_pilot_v0,single-task guarded p1 pilot; capped budgets/short epochs are not formal E07 primary results unless caps are unset and preregistered settings are used,MAPK1,47003,AIR_p1_legacy_unc_neighbor_gate,61988,302,620,3100,62,192,192,62,4,192,192,2,0.006622516556291391,2.13810706401766,1,0,1,0,62,0,130,0,10,0,0,0,True
pass,p1_guarded_pilot_v0,single-task guarded p1 pilot; capped budgets/short epochs are not formal E07 primary results unless caps are unset and preregistered settings are used,MAPK1,47004,AIR_p1_legacy_unc_neighbor_gate,61988,302,620,3100,62,192,192,62,4,192,192,11,0.03642384105960265,11.75958885209713,1,0,10,0,62,0,130,0,10,0,0,0,True
pass,p1_guarded_pilot_v0,single-task guarded p1 pilot; capped budgets/short epochs are not formal E07 primary results unless caps are unset and preregistered settings are used,MAPK1,47005,AIR_p1_legacy_unc_neighbor_gate,61988,302,620,3100,62,192,192,62,4,192,192,2,0.006622516556291391,2.13810706401766,1,0,1,0,62,0,130,0,10,0,0,0,True
pass,p1_guarded_pilot_v0,single-task guarded p1 pilot; capped budgets/short epochs are not formal E07 primary results unless caps are unset and preregistered settings are used,MTORC1,47001,AIR_p1_legacy_unc_neighbor_gate,33069,97,331,1654,33,192,192,33,4,192,192,3,0.030927835051546393,5.326836340206185,1,0,2,0,33,0,159,0,10,0,0,0,True
pass,p1_guarded_pilot_v0,single-task guarded p1 pilot; capped budgets/short epochs are not formal E07 primary results unless caps are unset and preregistered settings are used,MTORC1,47002,AIR_p1_legacy_unc_neighbor_gate,33069,97,331,1654,33,192,192,33,4,192,192,4,0.041237113402061855,7.102448453608247,1,0,3,0,33,0,159,0,10,0,0,0,True
pass,p1_guarded_pilot_v0,single-task guarded p1 pilot; capped budgets/short epochs are not formal E07 primary results unless caps are unset and preregistered settings are used,MTORC1,47003,AIR_p1_legacy_unc_neighbor_gate,33069,97,331,1654,33,192,192,33,4,192,192,4,0.041237113402061855,7.102448453608247,1,0,3,0,33,0,159,0,10,0,0,0,True
pass,p1_guarded_pilot_v0,single-task guarded p1 pilot; capped budgets/short epochs are not formal E07 primary results unless caps are unset and preregistered settings are used,MTORC1,47004,AIR_p1_legacy_unc_neighbor_gate,33069,97,331,1654,33,192,192,33,4,192,192,4,0.041237113402061855,7.102448453608247,1,0,3,0,33,0,159,0,10,0,0,0,True
pass,p1_guarded_pilot_v0,single-task guarded p1 pilot; capped budgets/short epochs are not formal E07 primary results unless caps are unset and preregistered settings are used,MTORC1,47005,AIR_p1_legacy_unc_neighbor_gate,33069,97,331,1654,33,192,192,33,4,192,192,4,0.041237113402061855,7.102448453608247,1,0,3,0,33,0,159,0,10,0,0,0,True
pass,p1_guarded_pilot_v0,single-task guarded p1 pilot; capped budgets/short epochs are not formal E07 primary results unless caps are unset and preregistered settings are used,OPRK1,47001,AIR_p1_legacy_unc_neighbor_gate,269603,24,1000,5000,64,192,192,64,4,192,192,9,0.375,526.568359375,1,0,8,0,64,0,128,0,10,0,0,0,True
pass,p1_guarded_pilot_v0,single-task guarded p1 pilot; capped budgets/short epochs are not formal E07 primary results unless caps are unset and preregistered settings are used,OPRK1,47002,AIR_p1_legacy_unc_neighbor_gate,269603,24,1000,5000,64,192,192,64,4,192,192,9,0.375,526.568359375,1,0,8,0,64,0,128,0,10,0,0,0,True
pass,p1_guarded_pilot_v0,single-task guarded p1 pilot; capped budgets/short epochs are not formal E07 primary results unless caps are unset and preregistered settings are used,OPRK1,47003,AIR_p1_legacy_unc_neighbor_gate,269603,24,1000,5000,64,192,192,64,4,192,192,1,0.041666666666666664,58.50759548611111,1,0,0,0,64,0,128,0,10,0,0,0,True
pass,p1_guarded_pilot_v0,single-task guarded p1 pilot; capped budgets/short epochs are not formal E07 primary results unless caps are unset and preregistered settings are used,OPRK1,47004,AIR_p1_legacy_unc_neighbor_gate,269603,24,1000,5000,64,192,192,64,4,192,192,2,0.08333333333333333,117.01519097222221,1,0,1,0,64,0,128,0,10,0,0,0,True
pass,p1_guarded_pilot_v0,single-task guarded p1 pilot; capped budgets/short epochs are not formal E07 primary results unless caps are unset and preregistered settings are used,OPRK1,47005,AIR_p1_legacy_unc_neighbor_gate,269603,24,1000,5000,64,192,192,64,4,192,192,1,0.041666666666666664,58.50759548611111,1,0,0,0,64,0,128,0,10,0,0,0,True
pass,p1_guarded_pilot_v0,single-task guarded p1 pilot; capped budgets/short epochs are not formal E07 primary results unless caps are unset and preregistered settings are used,PKM2,47001,AIR_p1_legacy_unc_neighbor_gate,245321,546,1000,5000,64,192,192,64,4,192,192,3,0.005494505494505495,7.020404075091576,1,0,2,0,64,0,128,0,10,0,0,0,True
pass,p1_guarded_pilot_v0,single-task guarded p1 pilot; capped budgets/short epochs are not formal E07 primary results unless caps are unset and preregistered settings are used,PKM2,47002,AIR_p1_legacy_unc_neighbor_gate,245321,546,1000,5000,64,192,192,64,4,192,192,2,0.003663003663003663,4.680269383394383,1,0,1,0,64,0,128,0,10,0,0,0,True
pass,p1_guarded_pilot_v0,single-task guarded p1 pilot; capped budgets/short epochs are not formal E07 primary results unless caps are unset and preregistered settings are used,PKM2,47003,AIR_p1_legacy_unc_neighbor_gate,245321,546,1000,5000,64,192,192,64,4,192,192,6,0.01098901098901099,14.040808150183151,1,0,5,0,64,0,128,0,10,0,0,0,True
pass,p1_guarded_pilot_v0,single-task guarded p1 pilot; capped budgets/short epochs are not formal E07 primary results unless caps are unset and preregistered settings are used,PKM2,47004,AIR_p1_legacy_unc_neighbor_gate,245321,546,1000,5000,64,192,192,64,4,192,192,1,0.0018315018315018315,2.3401346916971915,1,0,0,0,64,0,128,0,10,0,0,0,True
pass,p1_guarded_pilot_v0,single-task guarded p1 pilot; capped budgets/short epochs are not formal E07 primary results unless caps are unset and preregistered settings are used,PKM2,47005,AIR_p1_legacy_unc_neighbor_gate,245321,546,1000,5000,64,192,192,64,4,192,192,4,0.007326007326007326,9.360538766788766,1,0,3,0,64,0,128,0,10,0,0,0,True
pass,p1_guarded_pilot_v0,single-task guarded p1 pilot; capped budgets/short epochs are not formal E07 primary results unless caps are unset and preregistered settings are used,VDR,47001,AIR_p1_legacy_unc_neighbor_gate,350339,840,1000,5000,64,192,192,64,4,192,192,5,0.005952380952380952,10.861204117063492,1,0,4,0,64,0,128,0,10,0,0,0,True
pass,p1_guarded_pilot_v0,single-task guarded p1 pilot; capped budgets/short epochs are not formal E07 primary results unless caps are unset and preregistered settings are used,VDR,47002,AIR_p1_legacy_unc_neighbor_gate,350339,840,1000,5000,64,192,192,64,4,192,192,1,0.0011904761904761906,2.172240823412698,1,0,0,0,64,0,128,0,10,0,0,0,True
pass,p1_guarded_pilot_v0,single-task guarded p1 pilot; capped budgets/short epochs are not formal E07 primary results unless caps are unset and preregistered settings are used,VDR,47003,AIR_p1_legacy_unc_neighbor_gate,350339,840,1000,5000,64,192,192,64,4,192,192,1,0.0011904761904761906,2.172240823412698,1,0,0,0,64,0,128,0,10,0,0,0,True
pass,p1_guarded_pilot_v0,single-task guarded p1 pilot; capped budgets/short epochs are not formal E07 primary results unless caps are unset and preregistered settings are used,VDR,47004,AIR_p1_legacy_unc_neighbor_gate,350339,840,1000,5000,64,192,192,64,4,192,192,15,0.017857142857142856,32.583612351190474,1,0,14,0,64,0,128,0,10,0,0,0,True
pass,p1_guarded_pilot_v0,single-task guarded p1 pilot; capped budgets/short epochs are not formal E07 primary results unless caps are unset and preregistered settings are used,VDR,47005,AIR_p1_legacy_unc_neighbor_gate,350339,840,1000,5000,64,192,192,64,4,192,192,8,0.009523809523809525,17.377926587301584,1,0,7,0,64,0,128,0,10,0,0,0,True
