assay,n_screen,n_active,screen_sha256,id_order_sha256,selected_seeds,discarded_duplicate_seeds
ADRB2,100000,5,2f9fe8ac7322fd8d6b580831316e610017c4e8f770db1b50c14acaeaeeaa881b,5ebd728c9aab15678e96f432079cdf0bff9cab8335ed238c78ad15104112e45a,"47001,47002,47003,47004,47005",
ALDH1,100000,4985,ed1ebbba5f37f21a68d96c02ab9736bdcc1a98a1159bd0aeda1f49ab163379ed,043cfb35766611a4451b6c723f58d77d5d13ef04489143b89efd939b588b3c09,"47001,47002,47003,47004,47006",47005
FEN1,100000,100,65a1438165349b69b8476657724cc11bff35be36640d283cbdfc6c4e18b84bf8,c646b5fedfa7f208456d66bd3e09645f3791e11e2954f9ddb798fc6ab00f8656,"47001,47002,47003,47004,47005",
GBA,100000,55,69c570fb2db3ee3fbf8482344c77114b7c16766bfcf21f90ac2a07092a93c6b2,c12813373fe057f508f3b318ab9e188f47971407786385062130d08a2592b302,"47001,47002,47003,47004,47005",
IDH1,100000,11,9636f57d38b2c722a8ef7b52dd91b4da65e2e65c6c5526ccbaaba67e51ae33f4,082bb64fc6def42c252b54bb68145aba353bf4a0d84c022a63f558025fd76eb4,"47001,47002,47003,47004,47005",
KAT2A,100000,54,1ad8f5faf6c1b6ce4546a82dbc695dbbe0ee6d3fc0b98f4ae3acbf0fc23a9b56,5e829ca99326a6c86cbd0dd9904ee7532f1855353b9711a68d046455dc06caf6,"47001,47002,47003,47004,47005",
MAPK1,49562,242,505e2476d8cbd8373924031420ddf28136b71883519bedfc9b9ccfd779bcb021,b457c3850663055026e39d0ae93808726aa8a8b254004d361c2a4ac3ab30c99c,"47001,47002,47004,47005,47006",47003
MTORC1,26455,78,147278ba320063f47825926e7f2b7d58879aa402900573b0892dbed2761e5086,9827df0232bb1f2d9b350911dfef523e3fc227df26f14155e698a357e4545b6e,"47001,47002,47003,47004,47005",
OPRK1,100000,9,6e108107c76f04bd307ea7d06b29ee4f5a6bf65e673d20aceaf5a43608490e06,da2b6d91b0498a095deacf0b4c92db4db1a6e94e4936ce4a7c28eb2ef0503f84,"47001,47002,47003,47004,47005",
PKM2,100000,223,c1745ec23a387be4c1f6c64f98898e3e81feea804cc042794ec3b811c02e1e60,4d0a0df81422c47f5576c24cfdc30f3160796c47829c237534a77ca928579ab4,"47001,47002,47003,47004,47005",
VDR,100000,238,0b590a9722117f90505cd9d458e7a3aa6a6b02593a96ca19c4147ef8bcae5e71,f4e0cde7d44e1b375567241a8a2b91ab686d7835095e3a7a18268388e9277f46,"47001,47002,47003,47004,47005",
