assay,seed,AC-Active,AIR,ChemScreener,GLARE,AIR_minus_ChemScreener,AIR_minus_GLARE,AIR_minus_AC-Active
ADRB2,47001,1,1,1,1,0,0,0
ADRB2,47002,1,1,1,1,0,0,0
ADRB2,47003,1,1,1,1,0,0,0
ADRB2,47004,1,1,1,1,0,0,0
ADRB2,47005,1,1,1,1,0,0,0
ALDH1,47001,27,13,14,17,-1,-4,-14
ALDH1,47002,10,17,16,16,1,1,7
ALDH1,47003,13,19,13,9,6,10,6
ALDH1,47004,18,19,21,20,-2,-1,1
ALDH1,47006,8,11,8,12,3,-1,3
FEN1,47001,2,2,1,1,1,1,0
FEN1,47002,2,2,1,2,1,0,0
FEN1,47003,1,1,1,1,0,0,0
FEN1,47004,1,3,1,1,2,2,2
FEN1,47005,1,1,1,1,0,0,0
GBA,47001,7,1,1,3,0,-2,-6
GBA,47002,1,1,1,1,0,0,0
GBA,47003,5,5,4,2,1,3,0
GBA,47004,7,1,1,7,0,-6,-6
GBA,47005,7,2,1,7,1,-5,-5
IDH1,47001,1,1,1,2,0,-1,0
IDH1,47002,3,2,1,3,1,-1,-1
IDH1,47003,3,2,1,2,1,0,-1
IDH1,47004,1,1,1,1,0,0,0
IDH1,47005,2,1,1,1,0,0,-1
KAT2A,47001,1,1,1,1,0,0,0
KAT2A,47002,3,1,1,1,0,0,-2
KAT2A,47003,2,1,1,1,0,0,-1
KAT2A,47004,2,1,1,1,0,0,-1
KAT2A,47005,1,1,1,1,0,0,0
MAPK1,47001,3,3,5,2,-2,1,0
MAPK1,47002,4,9,4,5,5,4,5
MAPK1,47004,4,3,3,3,0,0,-1
MAPK1,47005,1,1,2,1,-1,0,0
MAPK1,47006,1,2,2,2,0,0,1
MTORC1,47001,5,5,2,4,3,1,0
MTORC1,47002,1,1,2,8,-1,-7,0
MTORC1,47003,4,4,1,2,3,2,0
MTORC1,47004,1,1,1,1,0,0,0
MTORC1,47005,1,2,7,1,-5,1,1
OPRK1,47001,1,1,1,1,0,0,0
OPRK1,47002,1,1,1,1,0,0,0
OPRK1,47003,1,1,1,1,0,0,0
OPRK1,47004,1,1,1,1,0,0,0
OPRK1,47005,3,4,1,3,3,1,1
PKM2,47001,1,1,2,2,-1,-1,0
PKM2,47002,2,1,1,1,0,0,-1
PKM2,47003,2,12,9,2,3,10,10
PKM2,47004,6,5,2,4,3,1,-1
PKM2,47005,3,5,2,5,3,0,2
VDR,47001,3,1,1,1,0,0,-2
VDR,47002,2,1,1,1,0,0,-1
VDR,47003,1,1,1,1,0,0,0
VDR,47004,5,4,3,4,1,0,-1
VDR,47005,2,2,1,1,1,1,0
