source,aid,route,method,provenance,model_config,pool_sha256,n_pool,n_active,initialization,q0,Q,batch,n_seeds,mean_hits,sd_hits,hits_by_seed,status
TDC-HTS,1798,recent same task,AC-Active,official author code self-rerun,50 epochs; 10 models,1a49ebbb7f586038a00185c8a29a775ddfb1f905cba95ddea9afc127e3e97b31,61821,187,E78 exact author starts,64,384,64,5,3.8,2.2803508501982757,1;4;2;6;6,complete
TDC-HTS,1798,recent same task,GLARE,official author code self-rerun,50 epochs; 10 models,1a49ebbb7f586038a00185c8a29a775ddfb1f905cba95ddea9afc127e3e97b31,61821,187,E78 exact author starts,64,384,64,5,3.8,2.3874672772626644,1;4;2;7;5,complete
TDC-HTS,1798,direct mechanism,Neighbor,project rerun of public algorithm,positive Tanimoto,1a49ebbb7f586038a00185c8a29a775ddfb1f905cba95ddea9afc127e3e97b31,61821,187,E78 exact author starts,64,384,64,5,6.2,2.7748873851023217,9;4;3;6;9,complete
TDC-HTS,1798,AIR-family comparator,AIR-E,project method rerun,E78 author starts,1a49ebbb7f586038a00185c8a29a775ddfb1f905cba95ddea9afc127e3e97b31,61821,187,E78 exact author starts,64,384,64,5,5.6,2.073644135332772,7;4;3;6;8,complete
TDC-HTS,1798,direct mechanism,Tversky-T1,project rerun of public algorithm,positive Tversky 1.0/0.25,1a49ebbb7f586038a00185c8a29a775ddfb1f905cba95ddea9afc127e3e97b31,61821,187,E78 exact author starts,64,384,64,5,7.0,3.8078865529319543,11;4;3;6;11,complete
TDC-HTS,1798,classic,RF,project rerun of public algorithm,256-tree RF/ECFP,1a49ebbb7f586038a00185c8a29a775ddfb1f905cba95ddea9afc127e3e97b31,61821,187,E78 exact author starts,64,384,64,5,4.0,2.5495097567963922,1;4;2;6;7,complete
TDC-HTS,1798,proposed,AIR-Legacy,project method rerun,2 epochs; E78 author starts,1a49ebbb7f586038a00185c8a29a775ddfb1f905cba95ddea9afc127e3e97b31,61821,187,E78 exact author starts,64,384,64,5,4.2,3.2710854467592254,1;4;1;7;8,complete
TDC-HTS,463087,recent same task,AC-Active,official author code self-rerun,50 epochs; 10 models,7f3215d1f9f1ba0adbd3bcba231bcc230a216336d72a3db28bc71cccba03fc0b,100329,703,E78 exact author starts,64,384,64,5,13.6,5.366563145999495,5;19;17;13;14,complete
TDC-HTS,463087,recent same task,GLARE,official author code self-rerun,50 epochs; 10 models,7f3215d1f9f1ba0adbd3bcba231bcc230a216336d72a3db28bc71cccba03fc0b,100329,703,E78 exact author starts,64,384,64,5,13.4,5.319774431308154,7;21;14;15;10,complete
TDC-HTS,463087,direct mechanism,Neighbor,project rerun of public algorithm,positive Tanimoto,7f3215d1f9f1ba0adbd3bcba231bcc230a216336d72a3db28bc71cccba03fc0b,100329,703,E78 exact author starts,64,384,64,5,17.4,5.9833101206606365,18;22;23;16;8,complete
TDC-HTS,463087,AIR-family comparator,AIR-E,project method rerun,E78 author starts,7f3215d1f9f1ba0adbd3bcba231bcc230a216336d72a3db28bc71cccba03fc0b,100329,703,E78 exact author starts,64,384,64,5,20.0,3.605551275463989,21;21;25;17;16,complete
TDC-HTS,463087,direct mechanism,Tversky-T1,project rerun of public algorithm,positive Tversky 1.0/0.25,7f3215d1f9f1ba0adbd3bcba231bcc230a216336d72a3db28bc71cccba03fc0b,100329,703,E78 exact author starts,64,384,64,5,19.0,5.830951894845301,20;24;24;17;10,complete
TDC-HTS,463087,classic,RF,project rerun of public algorithm,256-tree RF/ECFP,7f3215d1f9f1ba0adbd3bcba231bcc230a216336d72a3db28bc71cccba03fc0b,100329,703,E78 exact author starts,64,384,64,5,20.0,5.431390245600108,24;26;21;16;13,complete
TDC-HTS,463087,proposed,AIR-Legacy,project method rerun,2 epochs; E78 author starts,7f3215d1f9f1ba0adbd3bcba231bcc230a216336d72a3db28bc71cccba03fc0b,100329,703,E78 exact author starts,64,384,64,5,14.2,4.147288270665544,13;18;14;18;8,complete
TDC-HTS,485290,recent same task,AC-Active,official author code self-rerun,50 epochs; 10 models,2d289a77120a1b48640b8cc3c5c5ab288d73743ddda26042f9e7d26ad73fa8ee,338691,268,E78 exact author starts,64,384,64,5,2.2,1.6431676725154984,5;1;2;1;2,complete
TDC-HTS,485290,recent same task,GLARE,official author code self-rerun,50 epochs; 10 models,2d289a77120a1b48640b8cc3c5c5ab288d73743ddda26042f9e7d26ad73fa8ee,338691,268,E78 exact author starts,64,384,64,5,2.2,1.3038404810405297,4;1;3;1;2,complete
TDC-HTS,485290,direct mechanism,Neighbor,project rerun of public algorithm,positive Tanimoto,2d289a77120a1b48640b8cc3c5c5ab288d73743ddda26042f9e7d26ad73fa8ee,338691,268,E78 exact author starts,64,384,64,5,2.4,1.5165750888103102,5;2;2;1;2,complete
TDC-HTS,485290,AIR-family comparator,AIR-E,project method rerun,E78 author starts,2d289a77120a1b48640b8cc3c5c5ab288d73743ddda26042f9e7d26ad73fa8ee,338691,268,E78 exact author starts,64,384,64,5,2.8,1.3038404810405297,5;2;3;2;2,complete
TDC-HTS,485290,direct mechanism,Tversky-T1,project rerun of public algorithm,positive Tversky 1.0/0.25,2d289a77120a1b48640b8cc3c5c5ab288d73743ddda26042f9e7d26ad73fa8ee,338691,268,E78 exact author starts,64,384,64,5,2.4,1.5165750888103102,5;2;2;1;2,complete
TDC-HTS,485290,classic,RF,project rerun of public algorithm,256-tree RF/ECFP,2d289a77120a1b48640b8cc3c5c5ab288d73743ddda26042f9e7d26ad73fa8ee,338691,268,E78 exact author starts,64,384,64,5,2.4,1.5165750888103102,5;2;2;1;2,complete
TDC-HTS,485290,proposed,AIR-Legacy,project method rerun,2 epochs; E78 author starts,2d289a77120a1b48640b8cc3c5c5ab288d73743ddda26042f9e7d26ad73fa8ee,338691,268,E78 exact author starts,64,384,64,5,2.0,1.224744871391589,4;1;2;1;2,complete
