route,method,provenance,configuration,ADRB2,ALDH1,FEN1,GBA,IDH1,KAT2A,MAPK1,MTORC1,OPRK1,PKM2,VDR,macro_mean_hits,macro_mean_nef
classic,Random,project rerun of public algorithm,label-only random,1.00 ± 0.00,10.20 ± 1.92,1.00 ± 0.00,1.20 ± 0.45,1.00 ± 0.00,1.00 ± 0.00,2.60 ± 1.82,1.20 ± 0.45,1.00 ± 0.00,1.60 ± 0.55,1.60 ± 0.55,2.127,22.618
classic,RF/ECFP,project rerun of public algorithm,256-tree RF; ECFP2048,1.00 ± 0.00,25.60 ± 10.83,3.60 ± 2.30,5.40 ± 2.61,3.20 ± 1.30,1.00 ± 0.00,4.00 ± 3.39,2.80 ± 2.05,2.20 ± 1.64,5.00 ± 3.39,2.20 ± 1.30,5.091,44.628
recent same task,TcsAL-MLP-BALD-50e10,official author model/acquisition/loop with pool/initial adapter,50 epochs; 10 models,1.00 ± 0.00,20.80 ± 10.71,1.20 ± 0.45,4.80 ± 3.03,2.80 ± 1.10,1.60 ± 0.55,3.20 ± 1.79,2.20 ± 1.64,1.40 ± 0.89,7.00 ± 6.00,3.00 ± 1.22,4.455,37.935
recent same task,TcsAL-MLP-Exploitation-50e10,official author model/acquisition/loop with pool/initial adapter,50 epochs; 10 models; author exploitation acquisition,1.00 ± 0.00,20.60 ± 11.28,1.60 ± 0.89,5.20 ± 2.68,3.00 ± 1.22,1.60 ± 0.55,3.00 ± 2.00,2.20 ± 1.64,1.40 ± 0.89,7.20 ± 5.72,3.20 ± 1.48,4.545,39.391
recent same task,GLARE-50e10,official author code adapted to common pool,50 epochs; 10 models,1.00 ± 0.00,22.00 ± 9.80,1.20 ± 0.45,5.80 ± 2.77,2.20 ± 1.30,1.20 ± 0.45,3.20 ± 1.92,2.80 ± 2.05,1.60 ± 1.34,8.60 ± 6.50,3.40 ± 1.82,4.818,37.442
recent same task,ACActive-50e10,official author code adapted to common pool,50 epochs; 10 models,1.00 ± 0.00,28.40 ± 13.61,2.00 ± 0.71,5.00 ± 2.83,2.60 ± 0.89,1.00 ± 0.00,3.40 ± 2.30,2.60 ± 1.82,1.40 ± 0.89,5.00 ± 4.64,2.00 ± 1.73,4.945,36.631
recent same task,ChemScreener-50e10,official author Chemprop/acquisition self-rerun within matched LightGBM B1 adapter,Balanced Ranking; 50 epochs; 10 models; LightGBM B1 prescreen=192,1.00 ± 0.00,16.60 ± 6.73,1.00 ± 0.00,1.40 ± 0.89,1.20 ± 0.45,1.00 ± 0.00,2.80 ± 2.05,1.80 ± 0.84,1.00 ± 0.00,3.20 ± 2.68,1.20 ± 0.45,2.927,24.088
direct mechanism,Positive-Tanimoto,project rerun of public algorithm,max positive-neighbor Tanimoto,1.00 ± 0.00,23.20 ± 11.34,1.80 ± 0.45,5.80 ± 2.68,3.40 ± 1.34,1.00 ± 0.00,3.00 ± 1.58,2.40 ± 1.95,1.40 ± 0.89,6.60 ± 4.45,2.00 ± 1.00,4.691,40.888
direct mechanism,Positive-Tversky-T1,project rerun of public algorithm,max positive-neighbor Tversky 1.0/0.25,1.00 ± 0.00,24.00 ± 11.07,2.40 ± 0.89,5.80 ± 2.68,3.40 ± 1.34,1.00 ± 0.00,3.20 ± 1.92,2.20 ± 1.30,1.40 ± 0.89,5.60 ± 3.78,2.00 ± 1.00,4.727,40.955
proposed,AIR-Legacy-2e,project method rerun,AIR Legacy; 2 epochs,1.00 ± 0.00,15.80 ± 3.63,1.80 ± 0.84,2.00 ± 1.73,1.40 ± 0.55,1.00 ± 0.00,3.60 ± 3.13,2.60 ± 1.82,1.60 ± 1.34,4.80 ± 4.49,1.80 ± 1.30,3.4,29.658
