assay,route,method,source,pool,n_pool,n_active,prevalence,Q,q0,batch,provenance,model_config,n_seeds,mean_hits,sd_hits,mean_recall,mean_nef,sd_nef,seeds,hits_by_seed,status
ADRB2,classic,Random,LIT-PCBA,E15 matched assay pool,100000,5,5e-05,192,64,64,project rerun of public algorithm,label-only random,5,1.0,0.0,0.2,104.16666666666666,0.0,47001;47002;47003;47004;47005,1;1;1;1;1,complete
ADRB2,classic,RF/ECFP,LIT-PCBA,E15 matched assay pool,100000,5,5e-05,192,64,64,project rerun of public algorithm,256-tree RF; ECFP2048,5,1.0,0.0,0.2,104.16666666666666,0.0,47001;47002;47003;47004;47005,1;1;1;1;1,complete
ADRB2,direct mechanism,Positive-Tanimoto,LIT-PCBA,E15 matched assay pool,100000,5,5e-05,192,64,64,project rerun of public algorithm,max positive-neighbor Tanimoto,5,1.0,0.0,0.2,104.16666666666666,0.0,47001;47002;47003;47004;47005,1;1;1;1;1,complete
ADRB2,direct mechanism,Positive-Tversky-T1,LIT-PCBA,E15 matched assay pool,100000,5,5e-05,192,64,64,project rerun of public algorithm,max positive-neighbor Tversky 1.0/0.25,5,1.0,0.0,0.2,104.16666666666666,0.0,47001;47002;47003;47004;47005,1;1;1;1;1,complete
ADRB2,proposed,AIR-Legacy-2e,LIT-PCBA,E15 matched assay pool,100000,5,5e-05,192,64,64,project method rerun,AIR Legacy; 2 epochs,5,1.0,0.0,0.2,104.16666666666666,0.0,47001;47002;47003;47004;47005,1;1;1;1;1,complete
ADRB2,recent same task,GLARE-50e10,LIT-PCBA,E15 matched assay pool,100000,5,5e-05,192,64,64,official author code adapted to common pool,50 epochs; 10 models,5,1.0,0.0,0.2,104.16666666666666,0.0,47001;47002;47003;47004;47005,1;1;1;1;1,complete
ADRB2,recent same task,ACActive-50e10,LIT-PCBA,E15 matched assay pool,100000,5,5e-05,192,64,64,official author code adapted to common pool,50 epochs; 10 models,5,1.0,0.0,0.2,104.16666666666666,0.0,47001;47002;47003;47004;47005,1;1;1;1;1,complete
ADRB2,recent same task,TcsAL-MLP-BALD-50e10,LIT-PCBA,E15 matched assay pool,100000,5,5e-05,192,64,64,official author model/acquisition/loop with pool/initial adapter,50 epochs; 10 models,5,1.0,0.0,0.2,104.16666666666666,0.0,47001;47002;47003;47004;47005,1;1;1;1;1,complete
ALDH1,classic,Random,LIT-PCBA,E15 matched assay pool,100000,4985,0.04985,192,64,64,project rerun of public algorithm,label-only random,5,10.2,1.9235384061671343,0.0020461384152457,1.0656970912738215,0.2009714984711566,47001;47002;47003;47004;47006,10;11;11;12;7,complete
ALDH1,classic,RF/ECFP,LIT-PCBA,E15 matched assay pool,100000,4985,0.04985,192,64,64,project rerun of public algorithm,256-tree RF; ECFP2048,5,25.6,10.830512453249847,0.0051354062186559,2.6746907388833168,1.1315730998463984,47001;47002;47003;47004;47006,39;34;13;24;18,complete
ALDH1,direct mechanism,Positive-Tanimoto,LIT-PCBA,E15 matched assay pool,100000,4985,0.04985,192,64,64,project rerun of public algorithm,max positive-neighbor Tanimoto,5,23.2,11.34460224071342,0.0046539618856569,2.4239384821130057,1.1852852558418403,47001;47002;47003;47004;47006,35;34;8;19;20,complete
ALDH1,direct mechanism,Positive-Tversky-T1,LIT-PCBA,E15 matched assay pool,100000,4985,0.04985,192,64,64,project rerun of public algorithm,max positive-neighbor Tversky 1.0/0.25,5,24.0,11.067971810589327,0.0048144433299899,2.5075225677031097,1.156382878906441,47001;47002;47003;47004;47006,34;35;8;21;22,complete
ALDH1,proposed,AIR-Legacy-2e,LIT-PCBA,E15 matched assay pool,100000,4985,0.04985,192,64,64,project method rerun,AIR Legacy; 2 epochs,5,15.8,3.63318042491699,0.0031695085255767,1.6507856904045473,0.3795950795006885,47001;47002;47003;47004;47006,13;17;19;19;11,complete
ALDH1,recent same task,GLARE-50e10,LIT-PCBA,E15 matched assay pool,100000,4985,0.04985,192,64,64,official author code adapted to common pool,50 epochs; 10 models,5,22.0,9.797958971132712,0.0044132397191574,2.2985623537278506,1.0236918015643506,47001;47002;47003;47004;47006,31;31;9;24;15,complete
ALDH1,recent same task,ACActive-50e10,LIT-PCBA,E15 matched assay pool,100000,4985,0.04985,192,64,64,official author code adapted to common pool,50 epochs; 10 models,5,28.4,13.612494260788504,0.0056970912738214,2.9672350384486794,1.4222348567356764,47001;47002;47003;47004;47006,38;33;14;43;14,complete
ALDH1,recent same task,TcsAL-MLP-BALD-50e10,LIT-PCBA,E15 matched assay pool,100000,4985,0.04985,192,64,64,official author model/acquisition/loop with pool/initial adapter,50 epochs; 10 models,5,20.8,10.709808588392232,0.0041725175526579,2.173186225342695,1.1189619471322545,47001;47002;47003;47004;47006,33;29;6;20;16,complete
FEN1,classic,Random,LIT-PCBA,E15 matched assay pool,100000,100,0.001,192,64,64,project rerun of public algorithm,label-only random,5,1.0,0.0,0.01,5.208333333333333,0.0,47001;47002;47003;47004;47005,1;1;1;1;1,complete
FEN1,classic,RF/ECFP,LIT-PCBA,E15 matched assay pool,100000,100,0.001,192,64,64,project rerun of public algorithm,256-tree RF; ECFP2048,5,3.6,2.3021728866442674,0.036,18.75,11.99048378460556,47001;47002;47003;47004;47005,2;2;5;2;7,complete
FEN1,direct mechanism,Positive-Tanimoto,LIT-PCBA,E15 matched assay pool,100000,100,0.001,192,64,64,project rerun of public algorithm,max positive-neighbor Tanimoto,5,1.8,0.4472135954999579,0.018,9.375,2.3292374765622808,47001;47002;47003;47004;47005,2;2;2;2;1,complete
FEN1,direct mechanism,Positive-Tversky-T1,LIT-PCBA,E15 matched assay pool,100000,100,0.001,192,64,64,project rerun of public algorithm,max positive-neighbor Tversky 1.0/0.25,5,2.4,0.8944271909999159,0.024,12.5,4.6584749531245615,47001;47002;47003;47004;47005,3;2;3;3;1,complete
FEN1,proposed,AIR-Legacy-2e,LIT-PCBA,E15 matched assay pool,100000,100,0.001,192,64,64,project method rerun,AIR Legacy; 2 epochs,5,1.8,0.8366600265340756,0.018,9.375,4.357604304864977,47001;47002;47003;47004;47005,2;2;1;3;1,complete
FEN1,recent same task,GLARE-50e10,LIT-PCBA,E15 matched assay pool,100000,100,0.001,192,64,64,official author code adapted to common pool,50 epochs; 10 models,5,1.2,0.447213595499958,0.012,6.25,2.329237476562281,47001;47002;47003;47004;47005,1;2;1;1;1,complete
FEN1,recent same task,ACActive-50e10,LIT-PCBA,E15 matched assay pool,100000,100,0.001,192,64,64,official author code adapted to common pool,50 epochs; 10 models,5,2.0,0.7071067811865476,0.02,10.416666666666666,3.682847818679935,47001;47002;47003;47004;47005,2;2;1;2;3,complete
FEN1,recent same task,TcsAL-MLP-BALD-50e10,LIT-PCBA,E15 matched assay pool,100000,100,0.001,192,64,64,official author model/acquisition/loop with pool/initial adapter,50 epochs; 10 models,5,1.2,0.447213595499958,0.012,6.25,2.329237476562281,47001;47002;47003;47004;47005,1;2;1;1;1,complete
GBA,classic,Random,LIT-PCBA,E15 matched assay pool,100000,55,0.00055,192,64,64,project rerun of public algorithm,label-only random,5,1.2,0.4472135954999579,0.0218181818181818,11.363636363636363,4.234977230113238,47001;47002;47003;47004;47005,1;1;2;1;1,complete
GBA,classic,RF/ECFP,LIT-PCBA,E15 matched assay pool,100000,55,0.00055,192,64,64,project rerun of public algorithm,256-tree RF; ECFP2048,5,5.4,2.6076809620810595,0.0981818181818181,51.13636363636364,24.69394850455549,47001;47002;47003;47004;47005,7;1;5;7;7,complete
GBA,direct mechanism,Positive-Tanimoto,LIT-PCBA,E15 matched assay pool,100000,55,0.00055,192,64,64,project rerun of public algorithm,max positive-neighbor Tanimoto,5,5.8,2.683281572999748,0.1054545454545454,54.92424242424242,25.40986338067943,47001;47002;47003;47004;47005,7;1;7;7;7,complete
GBA,direct mechanism,Positive-Tversky-T1,LIT-PCBA,E15 matched assay pool,100000,55,0.00055,192,64,64,project rerun of public algorithm,max positive-neighbor Tversky 1.0/0.25,5,5.8,2.683281572999748,0.1054545454545454,54.92424242424242,25.40986338067943,47001;47002;47003;47004;47005,7;1;7;7;7,complete
GBA,proposed,AIR-Legacy-2e,LIT-PCBA,E15 matched assay pool,100000,55,0.00055,192,64,64,project method rerun,AIR Legacy; 2 epochs,5,2.0,1.7320508075688772,0.0363636363636363,18.93939393939394,16.401996283796187,47001;47002;47003;47004;47005,1;1;5;1;2,complete
GBA,recent same task,GLARE-50e10,LIT-PCBA,E15 matched assay pool,100000,55,0.00055,192,64,64,official author code adapted to common pool,50 epochs; 10 models,5,5.8,2.7748873851023217,0.1054545454545454,54.92424242424242,26.277342661953803,47001;47002;47003;47004;47005,7;1;6;8;7,complete
GBA,recent same task,ACActive-50e10,LIT-PCBA,E15 matched assay pool,100000,55,0.00055,192,64,64,official author code adapted to common pool,50 epochs; 10 models,5,5.0,2.8284271247461903,0.0909090909090909,47.34848484848485,26.78434777221771,47001;47002;47003;47004;47005,7;1;3;7;7,complete
GBA,recent same task,TcsAL-MLP-BALD-50e10,LIT-PCBA,E15 matched assay pool,100000,55,0.00055,192,64,64,official author model/acquisition/loop with pool/initial adapter,50 epochs; 10 models,5,4.8,3.0331501776206204,0.0872727272727272,45.45454545454545,28.72301304564981,47001;47002;47003;47004;47005,7;1;2;7;7,complete
IDH1,classic,Random,LIT-PCBA,E15 matched assay pool,100000,11,0.00011,192,64,64,project rerun of public algorithm,label-only random,5,1.0,0.0,0.0909090909090909,47.34848484848485,0.0,47001;47002;47003;47004;47005,1;1;1;1;1,complete
IDH1,classic,RF/ECFP,LIT-PCBA,E15 matched assay pool,100000,11,0.00011,192,64,64,project rerun of public algorithm,256-tree RF; ECFP2048,5,3.2,1.3038404810405295,0.2909090909090909,151.51515151515153,61.73487126138872,47001;47002;47003;47004;47005,4;4;4;1;3,complete
IDH1,direct mechanism,Positive-Tanimoto,LIT-PCBA,E15 matched assay pool,100000,11,0.00011,192,64,64,project rerun of public algorithm,max positive-neighbor Tanimoto,5,3.4,1.3416407864998738,0.3090909090909091,160.98484848484847,63.52465845169857,47001;47002;47003;47004;47005,4;4;4;1;4,complete
IDH1,direct mechanism,Positive-Tversky-T1,LIT-PCBA,E15 matched assay pool,100000,11,0.00011,192,64,64,project rerun of public algorithm,max positive-neighbor Tversky 1.0/0.25,5,3.4,1.3416407864998738,0.3090909090909091,160.98484848484847,63.52465845169857,47001;47002;47003;47004;47005,4;4;4;1;4,complete
IDH1,proposed,AIR-Legacy-2e,LIT-PCBA,E15 matched assay pool,100000,11,0.00011,192,64,64,project method rerun,AIR Legacy; 2 epochs,5,1.4,0.5477225575051661,0.1272727272727272,66.28787878787878,25.93383321520673,47001;47002;47003;47004;47005,1;2;2;1;1,complete
IDH1,recent same task,GLARE-50e10,LIT-PCBA,E15 matched assay pool,100000,11,0.00011,192,64,64,official author code adapted to common pool,50 epochs; 10 models,5,2.2,1.3038404810405295,0.2,104.16666666666669,61.73487126138872,47001;47002;47003;47004;47005,1;2;3;1;4,complete
IDH1,recent same task,ACActive-50e10,LIT-PCBA,E15 matched assay pool,100000,11,0.00011,192,64,64,official author code adapted to common pool,50 epochs; 10 models,5,2.6,0.8944271909999159,0.2363636363636363,123.1060606060606,42.34977230113238,47001;47002;47003;47004;47005,3;3;3;1;3,complete
IDH1,recent same task,TcsAL-MLP-BALD-50e10,LIT-PCBA,E15 matched assay pool,100000,11,0.00011,192,64,64,official author model/acquisition/loop with pool/initial adapter,50 epochs; 10 models,5,2.8,1.095445115010332,0.2545454545454545,132.57575757575756,51.86766643041346,47001;47002;47003;47004;47005,3;4;3;1;3,complete
KAT2A,classic,Random,LIT-PCBA,E15 matched assay pool,100000,54,0.00054,192,64,64,project rerun of public algorithm,label-only random,5,1.0,0.0,0.0185185185185185,9.645061728395062,0.0,47001;47002;47003;47004;47005,1;1;1;1;1,complete
KAT2A,classic,RF/ECFP,LIT-PCBA,E15 matched assay pool,100000,54,0.00054,192,64,64,project rerun of public algorithm,256-tree RF; ECFP2048,5,1.0,0.0,0.0185185185185185,9.645061728395062,0.0,47001;47002;47003;47004;47005,1;1;1;1;1,complete
KAT2A,direct mechanism,Positive-Tanimoto,LIT-PCBA,E15 matched assay pool,100000,54,0.00054,192,64,64,project rerun of public algorithm,max positive-neighbor Tanimoto,5,1.0,0.0,0.0185185185185185,9.645061728395062,0.0,47001;47002;47003;47004;47005,1;1;1;1;1,complete
KAT2A,direct mechanism,Positive-Tversky-T1,LIT-PCBA,E15 matched assay pool,100000,54,0.00054,192,64,64,project rerun of public algorithm,max positive-neighbor Tversky 1.0/0.25,5,1.0,0.0,0.0185185185185185,9.645061728395062,0.0,47001;47002;47003;47004;47005,1;1;1;1;1,complete
KAT2A,proposed,AIR-Legacy-2e,LIT-PCBA,E15 matched assay pool,100000,54,0.00054,192,64,64,project method rerun,AIR Legacy; 2 epochs,5,1.0,0.0,0.0185185185185185,9.645061728395062,0.0,47001;47002;47003;47004;47005,1;1;1;1;1,complete
KAT2A,recent same task,GLARE-50e10,LIT-PCBA,E15 matched assay pool,100000,54,0.00054,192,64,64,official author code adapted to common pool,50 epochs; 10 models,5,1.2,0.4472135954999579,0.0222222222222222,11.574074074074074,4.313402734374595,47001;47002;47003;47004;47005,1;1;1;2;1,complete
KAT2A,recent same task,ACActive-50e10,LIT-PCBA,E15 matched assay pool,100000,54,0.00054,192,64,64,official author code adapted to common pool,50 epochs; 10 models,5,1.0,0.0,0.0185185185185185,9.645061728395062,0.0,47001;47002;47003;47004;47005,1;1;1;1;1,complete
KAT2A,recent same task,TcsAL-MLP-BALD-50e10,LIT-PCBA,E15 matched assay pool,100000,54,0.00054,192,64,64,official author model/acquisition/loop with pool/initial adapter,50 epochs; 10 models,5,1.6,0.5477225575051661,0.0296296296296296,15.4320987654321,5.282817877171741,47001;47002;47003;47004;47005,2;1;2;2;1,complete
MAPK1,classic,Random,LIT-PCBA,E15 matched assay pool,49562,242,0.0048827730922884,192,64,64,project rerun of public algorithm,label-only random,5,2.6,1.8165902124584952,0.0107438016528925,2.773355716253444,1.9377118653122405,47001;47002;47004;47005;47006,4;5;2;1;1,complete
MAPK1,classic,RF/ECFP,LIT-PCBA,E15 matched assay pool,49562,242,0.0048827730922884,192,64,64,project rerun of public algorithm,256-tree RF; ECFP2048,5,4.0,3.391164991562634,0.0165289256198347,4.266701101928375,3.6172718515803046,47001;47002;47004;47005;47006,2;9;6;1;2,complete
MAPK1,direct mechanism,Positive-Tanimoto,LIT-PCBA,E15 matched assay pool,49562,242,0.0048827730922884,192,64,64,project rerun of public algorithm,max positive-neighbor Tanimoto,5,3.0,1.5811388300841898,0.012396694214876,3.2000258264462813,1.6865616971554884,47001;47002;47004;47005;47006,2;5;4;1;3,complete
MAPK1,direct mechanism,Positive-Tversky-T1,LIT-PCBA,E15 matched assay pool,49562,242,0.0048827730922884,192,64,64,project rerun of public algorithm,max positive-neighbor Tversky 1.0/0.25,5,3.2,1.9235384061671343,0.0132231404958677,3.4133608815427,2.051790859298716,47001;47002;47004;47005;47006,2;6;4;1;3,complete
MAPK1,proposed,AIR-Legacy-2e,LIT-PCBA,E15 matched assay pool,49562,242,0.0048827730922884,192,64,64,project method rerun,AIR Legacy; 2 epochs,5,3.6,3.130495168499705,0.0148760330578512,3.840030991735537,3.3392217962547868,47001;47002;47004;47005;47006,3;9;3;1;2,complete
MAPK1,recent same task,GLARE-50e10,LIT-PCBA,E15 matched assay pool,49562,242,0.0048827730922884,192,64,64,official author code adapted to common pool,50 epochs; 10 models,5,3.2,1.9235384061671343,0.0132231404958677,3.4133608815427,2.051790859298716,47001;47002;47004;47005;47006,3;6;4;1;2,complete
MAPK1,recent same task,ACActive-50e10,LIT-PCBA,E15 matched assay pool,49562,242,0.0048827730922884,192,64,64,official author code adapted to common pool,50 epochs; 10 models,5,3.4,2.3021728866442674,0.0140495867768595,3.62669593663912,2.4556708980686808,47001;47002;47004;47005;47006,2;7;4;1;3,complete
MAPK1,recent same task,TcsAL-MLP-BALD-50e10,LIT-PCBA,E15 matched assay pool,49562,242,0.0048827730922884,192,64,64,official author model/acquisition/loop with pool/initial adapter,50 epochs; 10 models,5,3.2,1.7888543819998317,0.0132231404958677,3.4133608815427,1.908126740717021,47001;47002;47004;47005;47006,3;5;5;1;2,complete
MTORC1,classic,Random,LIT-PCBA,E15 matched assay pool,26455,78,0.0029484029484029,192,64,64,project rerun of public algorithm,label-only random,5,1.2,0.447213595499958,0.0153846153846153,2.119791666666667,0.7899997108007072,47001;47002;47003;47004;47005,2;1;1;1;1,complete
MTORC1,classic,RF/ECFP,LIT-PCBA,E15 matched assay pool,26455,78,0.0029484029484029,192,64,64,project rerun of public algorithm,256-tree RF; ECFP2048,5,2.8,2.0493901531919194,0.0358974358974358,4.946180555555556,3.6202334737374624,47001;47002;47003;47004;47005,5;2;5;1;1,complete
MTORC1,direct mechanism,Positive-Tanimoto,LIT-PCBA,E15 matched assay pool,26455,78,0.0029484029484029,192,64,64,project rerun of public algorithm,max positive-neighbor Tanimoto,5,2.4,1.949358868961793,0.0307692307692307,4.239583333333334,3.4435289048066395,47001;47002;47003;47004;47005,5;1;4;1;1,complete
MTORC1,direct mechanism,Positive-Tversky-T1,LIT-PCBA,E15 matched assay pool,26455,78,0.0029484029484029,192,64,64,project rerun of public algorithm,max positive-neighbor Tversky 1.0/0.25,5,2.2,1.3038404810405295,0.0282051282051282,3.886284722222223,2.303225155310311,47001;47002;47003;47004;47005,4;1;3;2;1,complete
MTORC1,proposed,AIR-Legacy-2e,LIT-PCBA,E15 matched assay pool,26455,78,0.0029484029484029,192,64,64,project method rerun,AIR Legacy; 2 epochs,5,2.6,1.816590212458495,0.0333333333333333,4.5928819444444455,3.208993995098123,47001;47002;47003;47004;47005,5;1;4;1;2,complete
MTORC1,recent same task,GLARE-50e10,LIT-PCBA,E15 matched assay pool,26455,78,0.0029484029484029,192,64,64,official author code adapted to common pool,50 epochs; 10 models,5,2.8,2.04939015319192,0.0358974358974358,4.946180555555556,3.620233473737463,47001;47002;47003;47004;47005,5;1;5;2;1,complete
MTORC1,recent same task,ACActive-50e10,LIT-PCBA,E15 matched assay pool,26455,78,0.0029484029484029,192,64,64,official author code adapted to common pool,50 epochs; 10 models,5,2.6,1.8165902124584952,0.0333333333333333,4.5928819444444455,3.2089939950981234,47001;47002;47003;47004;47005,5;2;4;1;1,complete
MTORC1,recent same task,TcsAL-MLP-BALD-50e10,LIT-PCBA,E15 matched assay pool,26455,78,0.0029484029484029,192,64,64,official author model/acquisition/loop with pool/initial adapter,50 epochs; 10 models,5,2.2,1.6431676725154984,0.0282051282051282,3.886284722222223,2.902644282612014,47001;47002;47003;47004;47005,4;1;4;1;1,complete
OPRK1,classic,Random,LIT-PCBA,E15 matched assay pool,100000,9,9e-05,192,64,64,project rerun of public algorithm,label-only random,5,1.0,0.0,0.1111111111111111,57.87037037037037,0.0,47001;47002;47003;47004;47005,1;1;1;1;1,complete
OPRK1,classic,RF/ECFP,LIT-PCBA,E15 matched assay pool,100000,9,9e-05,192,64,64,project rerun of public algorithm,256-tree RF; ECFP2048,5,2.2,1.6431676725154984,0.2444444444444444,127.31481481481482,95.09072178909136,47001;47002;47003;47004;47005,4;1;1;1;4,complete
OPRK1,direct mechanism,Positive-Tanimoto,LIT-PCBA,E15 matched assay pool,100000,9,9e-05,192,64,64,project rerun of public algorithm,max positive-neighbor Tanimoto,5,1.4,0.8944271909999159,0.1555555555555555,81.01851851851852,51.76083281249513,47001;47002;47003;47004;47005,1;1;1;1;3,complete
OPRK1,direct mechanism,Positive-Tversky-T1,LIT-PCBA,E15 matched assay pool,100000,9,9e-05,192,64,64,project rerun of public algorithm,max positive-neighbor Tversky 1.0/0.25,5,1.4,0.8944271909999159,0.1555555555555555,81.01851851851852,51.76083281249513,47001;47002;47003;47004;47005,1;1;1;1;3,complete
OPRK1,proposed,AIR-Legacy-2e,LIT-PCBA,E15 matched assay pool,100000,9,9e-05,192,64,64,project method rerun,AIR Legacy; 2 epochs,5,1.6,1.3416407864998738,0.1777777777777777,92.5925925925926,77.6412492187427,47001;47002;47003;47004;47005,1;1;1;1;4,complete
OPRK1,recent same task,GLARE-50e10,LIT-PCBA,E15 matched assay pool,100000,9,9e-05,192,64,64,official author code adapted to common pool,50 epochs; 10 models,5,1.6,1.3416407864998738,0.1777777777777777,92.5925925925926,77.6412492187427,47001;47002;47003;47004;47005,1;1;1;1;4,complete
OPRK1,recent same task,ACActive-50e10,LIT-PCBA,E15 matched assay pool,100000,9,9e-05,192,64,64,official author code adapted to common pool,50 epochs; 10 models,5,1.4,0.8944271909999159,0.1555555555555555,81.01851851851852,51.76083281249513,47001;47002;47003;47004;47005,1;1;1;1;3,complete
OPRK1,recent same task,TcsAL-MLP-BALD-50e10,LIT-PCBA,E15 matched assay pool,100000,9,9e-05,192,64,64,official author model/acquisition/loop with pool/initial adapter,50 epochs; 10 models,5,1.4,0.8944271909999159,0.1555555555555555,81.01851851851852,51.76083281249513,47001;47002;47003;47004;47005,1;1;1;1;3,complete
PKM2,classic,Random,LIT-PCBA,E15 matched assay pool,100000,223,0.00223,192,64,64,project rerun of public algorithm,label-only random,5,1.6,0.5477225575051661,0.0071748878923766,3.7369207772795217,1.279247378328583,47001;47002;47003;47004;47005,2;1;1;2;2,complete
PKM2,classic,RF/ECFP,LIT-PCBA,E15 matched assay pool,100000,223,0.00223,192,64,64,project rerun of public algorithm,256-tree RF; ECFP2048,5,5.0,3.391164991562634,0.0224215246636771,11.677877428998505,7.920321822595837,47001;47002;47003;47004;47005,1;3;5;10;6,complete
PKM2,direct mechanism,Positive-Tanimoto,LIT-PCBA,E15 matched assay pool,100000,223,0.00223,192,64,64,project rerun of public algorithm,max positive-neighbor Tanimoto,5,6.6,4.449719092257398,0.0295964125560538,15.414798206278023,10.392654830571276,47001;47002;47003;47004;47005,2;2;9;8;12,complete
PKM2,direct mechanism,Positive-Tversky-T1,LIT-PCBA,E15 matched assay pool,100000,223,0.00223,192,64,64,project rerun of public algorithm,max positive-neighbor Tversky 1.0/0.25,5,5.6,3.781534080237808,0.0251121076233183,13.079222720478324,8.832058296519543,47001;47002;47003;47004;47005,1;2;9;8;8,complete
PKM2,proposed,AIR-Legacy-2e,LIT-PCBA,E15 matched assay pool,100000,223,0.00223,192,64,64,project method rerun,AIR Legacy; 2 epochs,5,4.8,4.494441010848846,0.02152466367713,11.210762331838565,10.497106247311391,47001;47002;47003;47004;47005,1;1;12;5;5,complete
PKM2,recent same task,GLARE-50e10,LIT-PCBA,E15 matched assay pool,100000,223,0.00223,192,64,64,official author code adapted to common pool,50 epochs; 10 models,5,8.6,6.50384501660364,0.0385650224215246,20.085949177877428,15.19022098422001,47001;47002;47003;47004;47005,1;2;14;13;13,complete
PKM2,recent same task,ACActive-50e10,LIT-PCBA,E15 matched assay pool,100000,223,0.00223,192,64,64,official author code adapted to common pool,50 epochs; 10 models,5,5.0,4.636809247747852,0.0224215246636771,11.677877428998505,10.829618011369234,47001;47002;47003;47004;47005,1;1;4;7;12,complete
PKM2,recent same task,TcsAL-MLP-BALD-50e10,LIT-PCBA,E15 matched assay pool,100000,223,0.00223,192,64,64,official author model/acquisition/loop with pool/initial adapter,50 epochs; 10 models,5,7.0,6.0,0.0313901345291479,16.349028400597906,14.013452914798204,47001;47002;47003;47004;47005,1;1;7;13;13,complete
VDR,classic,Random,LIT-PCBA,E15 matched assay pool,100000,238,0.00238,192,64,64,project rerun of public algorithm,label-only random,5,1.6,0.5477225575051661,0.0067226890756302,3.5014005602240896,1.1986225435599749,47001;47002;47003;47004;47005,1;2;2;1;2,complete
VDR,classic,RF/ECFP,LIT-PCBA,E15 matched assay pool,100000,238,0.00238,192,64,64,project rerun of public algorithm,256-tree RF; ECFP2048,5,2.2,1.3038404810405295,0.0092436974789915,4.814425770308123,2.853292369223848,47001;47002;47003;47004;47005,1;3;1;4;2,complete
VDR,direct mechanism,Positive-Tanimoto,LIT-PCBA,E15 matched assay pool,100000,238,0.00238,192,64,64,project rerun of public algorithm,max positive-neighbor Tanimoto,5,2.0,1.0,0.0084033613445378,4.376750700280112,2.188375350140056,47001;47002;47003;47004;47005,1;2;1;3;3,complete
VDR,direct mechanism,Positive-Tversky-T1,LIT-PCBA,E15 matched assay pool,100000,238,0.00238,192,64,64,project rerun of public algorithm,max positive-neighbor Tversky 1.0/0.25,5,2.0,1.0,0.0084033613445378,4.376750700280112,2.188375350140056,47001;47002;47003;47004;47005,1;2;1;3;3,complete
VDR,proposed,AIR-Legacy-2e,LIT-PCBA,E15 matched assay pool,100000,238,0.00238,192,64,64,project method rerun,AIR Legacy; 2 epochs,5,1.8,1.30384048104053,0.007563025210084,3.9390756302521006,2.8532923692238485,47001;47002;47003;47004;47005,1;1;1;4;2,complete
VDR,recent same task,GLARE-50e10,LIT-PCBA,E15 matched assay pool,100000,238,0.00238,192,64,64,official author code adapted to common pool,50 epochs; 10 models,5,3.4,1.8165902124584952,0.0142857142857142,7.44047619047619,3.975381242249858,47001;47002;47003;47004;47005,3;3;1;4;6,complete
VDR,recent same task,ACActive-50e10,LIT-PCBA,E15 matched assay pool,100000,238,0.00238,192,64,64,official author code adapted to common pool,50 epochs; 10 models,5,2.0,1.7320508075688772,0.0084033613445378,4.376750700280112,3.790377292473908,47001;47002;47003;47004;47005,1;1;1;5;2,complete
VDR,recent same task,TcsAL-MLP-BALD-50e10,LIT-PCBA,E15 matched assay pool,100000,238,0.00238,192,64,64,official author model/acquisition/loop with pool/initial adapter,50 epochs; 10 models,5,3.0,1.224744871391589,0.0126050420168067,6.565126050420168,2.680201486763806,47001;47002;47003;47004;47005,3;4;1;4;3,complete
ADRB2,recent same task,TcsAL-MLP-Exploitation-50e10,LIT-PCBA,E15 matched assay pool,100000,5,5e-05,192,64,64,official author model/acquisition/loop with pool/initial adapter,50 epochs; 10 models; author exploitation acquisition,5,1.0,0.0,0.2,104.16666666666666,0.0,47001;47002;47003;47004;47005,1;1;1;1;1,complete
ALDH1,recent same task,TcsAL-MLP-Exploitation-50e10,LIT-PCBA,E15 matched assay pool,100000,4985,0.04985,192,64,64,official author model/acquisition/loop with pool/initial adapter,50 epochs; 10 models; author exploitation acquisition,5,20.6,11.28273016605467,0.0041323971915747,2.152290203945169,1.1788208548619474,47001;47002;47003;47004;47006,33;30;5;19;16,complete
FEN1,recent same task,TcsAL-MLP-Exploitation-50e10,LIT-PCBA,E15 matched assay pool,100000,100,0.001,192,64,64,official author model/acquisition/loop with pool/initial adapter,50 epochs; 10 models; author exploitation acquisition,5,1.6,0.8944271909999159,0.016,8.333333333333334,4.6584749531245615,47001;47002;47003;47004;47005,1;2;1;1;3,complete
GBA,recent same task,TcsAL-MLP-Exploitation-50e10,LIT-PCBA,E15 matched assay pool,100000,55,0.00055,192,64,64,official author model/acquisition/loop with pool/initial adapter,50 epochs; 10 models; author exploitation acquisition,5,5.2,2.683281572999748,0.0945454545454545,49.24242424242424,25.40986338067943,47001;47002;47003;47004;47005,7;1;4;7;7,complete
IDH1,recent same task,TcsAL-MLP-Exploitation-50e10,LIT-PCBA,E15 matched assay pool,100000,11,0.00011,192,64,64,official author model/acquisition/loop with pool/initial adapter,50 epochs; 10 models; author exploitation acquisition,5,3.0,1.224744871391589,0.2727272727272727,142.04545454545453,57.989813986344174,47001;47002;47003;47004;47005,4;4;3;1;3,complete
KAT2A,recent same task,TcsAL-MLP-Exploitation-50e10,LIT-PCBA,E15 matched assay pool,100000,54,0.00054,192,64,64,official author model/acquisition/loop with pool/initial adapter,50 epochs; 10 models; author exploitation acquisition,5,1.6,0.5477225575051661,0.0296296296296296,15.4320987654321,5.282817877171741,47001;47002;47003;47004;47005,2;1;2;2;1,complete
MAPK1,recent same task,TcsAL-MLP-Exploitation-50e10,LIT-PCBA,E15 matched assay pool,49562,242,0.0048827730922884,192,64,64,official author model/acquisition/loop with pool/initial adapter,50 epochs; 10 models; author exploitation acquisition,5,3.0,2.0,0.012396694214876,3.2000258264463115,2.133350550964208,47001;47002;47004;47005;47006,2;6;4;1;2,complete
MTORC1,recent same task,TcsAL-MLP-Exploitation-50e10,LIT-PCBA,E15 matched assay pool,26455,78,0.0029484029484029,192,64,64,official author model/acquisition/loop with pool/initial adapter,50 epochs; 10 models; author exploitation acquisition,5,2.2,1.6431676725154984,0.0282051282051282,3.8862847222222863,2.902644282612061,47001;47002;47003;47004;47005,4;1;4;1;1,complete
OPRK1,recent same task,TcsAL-MLP-Exploitation-50e10,LIT-PCBA,E15 matched assay pool,100000,9,9e-05,192,64,64,official author model/acquisition/loop with pool/initial adapter,50 epochs; 10 models; author exploitation acquisition,5,1.4,0.8944271909999159,0.1555555555555555,81.01851851851852,51.76083281249513,47001;47002;47003;47004;47005,1;1;1;1;3,complete
PKM2,recent same task,TcsAL-MLP-Exploitation-50e10,LIT-PCBA,E15 matched assay pool,100000,223,0.00223,192,64,64,official author model/acquisition/loop with pool/initial adapter,50 epochs; 10 models; author exploitation acquisition,5,7.2,5.718391382198319,0.032286995515695,16.816143497757846,13.355734730470662,47001;47002;47003;47004;47005,1;1;10;12;12,complete
VDR,recent same task,TcsAL-MLP-Exploitation-50e10,LIT-PCBA,E15 matched assay pool,100000,238,0.00238,192,64,64,official author model/acquisition/loop with pool/initial adapter,50 epochs; 10 models; author exploitation acquisition,5,3.2,1.4832396974191326,0.0134453781512605,7.002801120448179,3.245885192181225,47001;47002;47003;47004;47005,3;4;1;5;3,complete
ADRB2,recent same task,ChemScreener-50e10,LIT-PCBA,E15 matched assay pool,100000,5,5e-05,192,64,64,official author Chemprop/acquisition self-rerun within matched LightGBM B1 adapter,Balanced Ranking; 50 epochs; 10 models; LightGBM B1 prescreen=192,5,1.0,0.0,0.2,104.16666666666666,0.0,47001;47002;47003;47004;47005,1;1;1;1;1,complete
ALDH1,recent same task,ChemScreener-50e10,LIT-PCBA,E15 matched assay pool,100000,4985,0.04985,192,64,64,official author Chemprop/acquisition self-rerun within matched LightGBM B1 adapter,Balanced Ranking; 50 epochs; 10 models; LightGBM B1 prescreen=192,5,16.6,6.730527468185536,0.0033299899699097296,1.7343697759946508,0.7032062299592043,47001;47002;47003;47004;47006,15;19;12;27;10,complete
FEN1,recent same task,ChemScreener-50e10,LIT-PCBA,E15 matched assay pool,100000,100,0.001,192,64,64,official author Chemprop/acquisition self-rerun within matched LightGBM B1 adapter,Balanced Ranking; 50 epochs; 10 models; LightGBM B1 prescreen=192,5,1.0,0.0,0.01,5.208333333333333,0.0,47001;47002;47003;47004;47005,1;1;1;1;1,complete
GBA,recent same task,ChemScreener-50e10,LIT-PCBA,E15 matched assay pool,100000,55,0.00055,192,64,64,official author Chemprop/acquisition self-rerun within matched LightGBM B1 adapter,Balanced Ranking; 50 epochs; 10 models; LightGBM B1 prescreen=192,5,1.4,0.8944271909999159,0.025454545454545452,13.257575757575756,8.469954460226475,47001;47002;47003;47004;47005,1;1;3;1;1,complete
IDH1,recent same task,ChemScreener-50e10,LIT-PCBA,E15 matched assay pool,100000,11,0.00011,192,64,64,official author Chemprop/acquisition self-rerun within matched LightGBM B1 adapter,Balanced Ranking; 50 epochs; 10 models; LightGBM B1 prescreen=192,5,1.2,0.44721359549995804,0.10909090909090909,56.81818181818181,21.174886150566195,47001;47002;47003;47004;47005,1;2;1;1;1,complete
KAT2A,recent same task,ChemScreener-50e10,LIT-PCBA,E15 matched assay pool,100000,54,0.00054,192,64,64,official author Chemprop/acquisition self-rerun within matched LightGBM B1 adapter,Balanced Ranking; 50 epochs; 10 models; LightGBM B1 prescreen=192,5,1.0,0.0,0.018518518518518517,9.645061728395062,0.0,47001;47002;47003;47004;47005,1;1;1;1;1,complete
MAPK1,recent same task,ChemScreener-50e10,LIT-PCBA,E15 matched assay pool,49562,242,0.0048827730922884,192,64,64,official author Chemprop/acquisition self-rerun within matched LightGBM B1 adapter,Balanced Ranking; 50 epochs; 10 models; LightGBM B1 prescreen=192,5,2.8,2.04939015319192,0.011570247933884297,2.9866907713498905,2.1860338062263023,47001;47002;47004;47005;47006,6;3;3;1;1,complete
MTORC1,recent same task,ChemScreener-50e10,LIT-PCBA,E15 matched assay pool,26455,78,0.0029484029484029,192,64,64,official author Chemprop/acquisition self-rerun within matched LightGBM B1 adapter,Balanced Ranking; 50 epochs; 10 models; LightGBM B1 prescreen=192,5,1.8,0.8366600265340756,0.023076923076923078,3.1796875000000524,1.4779541267333955,47001;47002;47003;47004;47005,3;1;2;2;1,complete
OPRK1,recent same task,ChemScreener-50e10,LIT-PCBA,E15 matched assay pool,100000,9,9e-05,192,64,64,official author Chemprop/acquisition self-rerun within matched LightGBM B1 adapter,Balanced Ranking; 50 epochs; 10 models; LightGBM B1 prescreen=192,5,1.0,0.0,0.1111111111111111,57.87037037037037,0.0,47001;47002;47003;47004;47005,1;1;1;1;1,complete
PKM2,recent same task,ChemScreener-50e10,LIT-PCBA,E15 matched assay pool,100000,223,0.00223,192,64,64,official author Chemprop/acquisition self-rerun within matched LightGBM B1 adapter,Balanced Ranking; 50 epochs; 10 models; LightGBM B1 prescreen=192,5,3.2,2.6832815729997477,0.014349775784753363,7.473841554559043,6.267006663396271,47001;47002;47003;47004;47005,1;1;7;2;5,complete
VDR,recent same task,ChemScreener-50e10,LIT-PCBA,E15 matched assay pool,100000,238,0.00238,192,64,64,official author Chemprop/acquisition self-rerun within matched LightGBM B1 adapter,Balanced Ranking; 50 epochs; 10 models; LightGBM B1 prescreen=192,5,1.2,0.44721359549995804,0.0050420168067226885,2.626050420168067,0.978671208639614,47001;47002;47003;47004;47005,2;1;1;1;1,complete
