order,index,smiles,y
1,72691,Cn1cccc1C(=O)Nc1ccc(Cl)c(S(=O)(=O)N2CCCCC2)c1,0
2,51941,CC(C)NC(=O)C1CCN(C(=O)C(C(=O)c2ccccc2)n2cc(Cl)ccc2=O)CC1,0
3,93386,CCOc1cc(/C=N/n2c(C)nc3ccccc3c2=O)ccc1O,0
4,71239,O=C(CCS(=O)(=O)c1cccc2nonc12)N1CCN(c2ccc(F)cc2)CC1,0
5,10769,CC(=O)c1ccc(N2CCN(S(=O)(=O)c3cc4[nH]c(=O)c(=O)[nH]c4cc3C)CC2)cc1,0
6,90765,O=C1CSC(c2cccc([N+](=O)[O-])c2)N1c1ccccc1F,0
7,62739,COc1cc(C(=O)Nc2nnc(C3CC3)s2)ccc1OCc1c(C)noc1C,0
8,30224,Cc1cc(C)c(NC(=O)Nc2ccccc2C)c(Cl)c1,0
9,68841,COc1cc(-n2nnnc2SC)c(OC)cc1Cl,0
10,68279,Cn1ccnc1Sc1nnnn1-c1ccccc1,0
11,24984,COc1ccc(C2CC(c3ccccc3Cl)Nc3ncnn32)cc1OC,0
12,6726,CCN1C(=O)c2cccc3c(NC(=O)C(C)(C)C)ccc1c23,0
13,70041,COc1cc(C(=S)N2CCCCC2)ccc1OCC(=O)N1CCCC1,0
14,503,Cc1noc(C)c1COc1ccc(C(=O)OCC(=O)Nc2ccc(S(N)(=O)=O)cc2)cc1,0
15,4248,CCN(CC(=O)Nc1ccccc1C(F)(F)F)C(=O)Cc1sc(C)nc1-c1ccc(F)cc1,0
16,84327,Cc1ccc(C(=O)N/C(=C\c2ccco2)C(=O)NCc2cccnc2)cc1,0
17,5897,Cc1ccc(NC(=O)NCc2ccc3c(c2)OCO3)cc1C,0
18,37407,Cc1ccc(CC(=O)N(Cc2nc(-c3ccc(C)cc3)no2)C(C)C)cc1,0
19,99255,CC(C)CCNC(=O)c1cc2c(=O)n3ccccc3nc2s1,0
20,7455,CCOc1ccc(CSc2nc(C)cc(COC)c2C#N)cc1OCC,0
21,8199,Cc1c(Cl)cccc1N1C(N)=C(C#N)C(c2cc(CN3CCOCC3)cs2)C2=C1CCCC2=O,0
22,83328,COc1ccc2[nH]c(C(=O)N(Cc3ccccn3)Cc3ccccn3)cc2c1,0
23,1073,C/C(CC(C)C)=N\Nc1ccc(S(N)(=O)=O)cc1[N+](=O)[O-],0
24,91807,Cc1cc(C)n(-c2ccc(C(=O)Nc3ccc(S(=O)(=O)N(C)C)cc3)cc2)n1,0
25,96199,Nc1ccc(S(=O)(=O)NC2(C(F)(F)F)NC(=O)N(c3cccc(Cl)c3)C2=O)cc1,0
26,5916,NC(=O)C1CCN(c2nc(-c3cc4ccccc4o3)cs2)CC1,0
27,68066,CC(C)Nc1nc(NC(C)C)nc(Oc2ccc(=O)n(C)n2)n1,0
28,34414,CCC1CCCCN1C(=O)COC(=O)COc1ccc(Br)cc1,0
29,62760,COc1cc2c(=O)c(-c3ccc(O)cc3)coc2cc1OC1OC(CO)C(O)C(O)C1O,0
30,97267,Cc1nc2cc(NS(=O)(=O)c3ccccc3F)ccc2s1,0
31,32110,CCOC(=O)Cc1csc(SCC(=O)NC2CCS(=O)(=O)C2)n1,0
32,18495,CCCS(=O)(=O)c1cscc1NC(=O)c1c(-c2c(F)cccc2Cl)noc1C,0
33,4137,Cc1ccccc1NC(=O)CCC(=O)N/N=C/c1cccnc1,0
34,27554,COc1ccc(C(CC(=O)N2CCC3(CC2)OCCO3)NS(=O)(=O)c2ccc(OC)cc2)cc1,0
35,32486,COc1cccc(-n2c(N)cc(=O)nc2SCC(=O)Nc2cc(C)on2)c1,0
36,85546,CC(NC(=O)c1ccccc1F)C12C[C@H]3C[C@@H](C1)C[C@@H](C2)C3,0
37,94302,CC(C)NC(=O)NC(=O)CSc1ncc(C(F)(F)F)cc1Cl,0
38,25410,CC1Cc2ccccc2N1C(=O)c1cccnc1,0
39,71506,CC(C)C(OC(=O)/C=C/c1ccc2c(c1)OCO2)C(=O)NC(N)=O,0
40,36723,O=C1CCC(C(=O)Nc2cccc(S(=O)(=O)N3CCOCC3)c2)N1,0
41,85549,O=C(c1ccc(S(=O)(=O)NCC2CCCO2)cc1)N1CCN(c2ccccc2F)CC1,0
42,31501,CC(C)c1ccc(/C=c2\sc3nc(-c4ccncc4)nn3c2=O)cc1,1
43,70263,O=S(=O)(c1ccc(-c2ccc(O)nn2)o1)N1CCN(c2ccccc2)CC1,0
44,92666,COc1ccc(CNCc2ccc([N+](=O)[O-])cc2)cc1OC,0
45,8595,Nc1c(C(=O)CSc2nnc(-c3ccccc3F)o2)c(=O)[nH]c(=O)n1C1CC1,0
46,52002,Cc1cncn1CCc1nc2c3ccccc3nc(SCC(=O)Nc3cccc(Cl)c3)n2n1,0
47,31009,S=C(Nc1ccccc1)Nc1ccc(Cl)cn1,0
48,11567,C[C@@H]1C(=O)N(c2ccccc2)[C@@H]1c1ccncc1,0
49,41242,NC(=O)c1c(NC(=O)CN2C(=O)NC(Cc3ccccc3)C2=O)sc2c1CCC2,0
50,52104,COc1cccc(-c2nn(-c3ccccc3)cc2/C=C(/NC(=O)c2ccccc2)C(=O)O)c1,0
51,96709,CN(C)C(=O)CSc1nc2ccc(N3C(=O)c4ccccc4C3=O)cc2s1,0
52,11220,CSc1nnc(-c2ccccc2)n1C,0
53,80568,CN(C)S(=O)(=O)c1cccc(NC(=O)C2Cc3ccccc3CN2C(=O)c2ccco2)c1,0
54,40512,Cc1ccc(S(=O)(=O)N2CCCCC2)cc1NC(=O)C1CC1,0
55,68782,CCOc1ccc(C(c2c(NC(=O)c3ccco3)sc(C)c2C)N2CCOCC2)cc1,0
56,96375,CC1(C)CC(N2CCN(CCO)CC2)=CC(=S)N1,0
57,50672,Cc1ccc(-c2nnc(Nc3cccc(O)c3)c3ccccc23)cc1S(=O)(=O)NCC1CCCO1,0
58,72604,CC(C)(C)C(=O)NNC(=O)c1cc2sccc2s1,0
59,98954,O=C(NCCCN1CCN(c2ccc(F)cc2)CC1)Nc1ccc([N+](=O)[O-])cc1,0
60,34714,COc1ccc(C(C#N)N2N=C(C)CC2c2ccccc2)cc1,0
61,32627,CC(=O)c1ccc(N2CCN(S(=O)(=O)c3ccc4c(c3)CC(C)N4C(=O)C3CC3)CC2)cc1,0
62,63370,CCCCCCN1CCN(c2ccc(Cl)cc2)CC1,0
63,84810,CCOc1ccc(NC(=O)CSc2nnc3c(n2)[nH]c2ccc([S+](=O)([O-])N4CCCCC4)cc23)cc1,0
64,7802,O=C1NCCCC1C(=O)N/N=C/c1ccc(Cl)cc1,0
65,99930,Cc1ccc(-c2nc3s/c(=C\c4ccco4)c(=O)n3n2)cc1,0
66,55733,COc1ccccc1-c1nc2s/c(=C\c3cccs3)c(=O)n2n1,0
67,90524,COc1ccccc1/C=c1\sc2nc(-c3ccccc3OC)nn2c1=O,0
68,15754,CC(C)c1ccc(C(=O)CSc2n[nH]c(-c3ccncc3)n2)cc1,0
69,69639,CC(=O)NN1C(=O)/C(=C/c2ccc(C(C)C)cc2)SC1=S,0
70,47493,COc1ccccc1/C=c1\sc2nc(-c3ccco3)nn2c1=O,0
71,56889,CC(C)c1ccc(-c2nnn(CCC(=O)O)n2)cc1,0
72,62646,COc1ccc(/C=c2\sc3nc(-c4ccccc4OC)nn3c2=O)c(OC)c1,0
73,28999,Cc1cc(C(=O)NC(C)c2ccncc2)cs1,0
74,51794,O=c1/c(=C/c2ccccc2)sc2nnc(-c3cccs3)n12,0
75,43044,CCOc1ccccc1/C=c1\sc2nc(-c3ccco3)nn2c1=O,0
76,93821,CC(c1ccccc1)N1C(=O)/C(=C/c2ccncc2)SC1=S,1
77,32985,CC(C)c1ccc(N2C(=O)NC(=O)/C(=C\c3cnc(-c4ccccc4)nc3)C2=O)cc1,0
78,66312,Cc1c(CCNS(=O)(=O)c2ccccc2)sc2nc(-c3ccc(Cl)cc3)nn12,0
79,7210,COc1ccc(-c2nc3c4ccccc4n(CC(=O)Nc4ccc(C(C)C)cc4)c(=O)n3n2)cc1,0
80,72176,CC(C)c1ccc(/C=C/C(=O)NNC(=O)c2cccnc2)cc1,0
81,45530,O=c1/c(=C/c2ccc(O)cc2)sc2n1CCCN=2,0
82,46971,CC1=C(C(N)=O)C(c2ccccc2)n2nc(-c3ccncc3)nc2N1,0
83,33488,CC(C)c1ccc(C2NC(C(=O)O)CS2)cc1,0
84,90997,Cc1ccc(-c2nnc3sc(-c4ccncc4)nn23)cc1,0
85,41133,Cc1sc(-c2ccncc2)nc1OC(=O)c1ccccc1,0
86,36545,CC(C)c1ccc(Nc2nc(CC(=O)O)cs2)cc1,0
87,68603,CCCn1nnc(NC(=O)/C=C/c2ccc(C(C)C)cc2)n1,0
88,73995,Cc1cc(=O)c(C(=O)O)cn1-c1ccc(C(C)C)cc1,0
89,35892,O=c1/c(=C/c2ccccn2)sc2nc3ccccc3n12,0
90,63797,Cc1nnc(C)n1/N=C/c1ccc(C(C)C)cc1,0
91,7042,CCSc1nn2c(=O)c3ccccc3nc2s1,0
92,25944,CC(C)c1ccc(/C=C/C(=O)N2CCc3ccccc3C2)cc1,0
93,68211,CC(=O)c1c(C)nc2nc(-c3ccccc3)nn2c1C,0
94,31665,Cc1nn(C(C)C(=O)Nc2ccc(C(C)C)cc2)c(=O)c2c1sc1ccccc12,0
95,37092,Cc1cc(C(F)F)n2nc(C(=O)Nc3ccc(C(C)C)cc3)nc2n1,0
96,18823,CC(C)c1ccc(/C=C2\SC(=O)N(CC(=O)NC3C=CS(=O)(=O)C3)C2=O)cc1,0
97,69708,CC(C)c1ccc[n+](-c2[nH]c(=O)sc2C=O)c1,0
98,3019,CC(C)c1ccc(OCc2cc(=O)n3c4c(sc3n2)CCCC4)cc1,0
99,80071,CC(C)c1ccc(/C=C/c2nc(O)nc(O)c2[N+](=O)[O-])cc1,1
100,57990,CC(C)c1ccc(/C=C2\Oc3c(ccc(O)c3CN3CCN(C)CC3)C2=O)cc1,0
101,77928,CC(Oc1ccccc1)C(=O)Nc1nc(-c2ccncc2)cs1,0
102,36824,CC1(C)CC(=O)c2c(nn(-c3ccccc3)c2-c2ccncc2)C1,0
103,3937,CC(C)c1ccc(N(C(=O)c2csnn2)C(C(=O)NC2CCCC2)c2ccncc2)cc1,0
104,61486,CC(C)c1ccc(N(CC(=O)O)S(=O)(=O)c2cccnc2)cc1,0
105,7758,Cc1ccc(-c2nc(-c3ccncc3)no2)cc1Cl,0
106,41061,CC(=O)NC1=NN(C(C)=O)C(c2ccc(C(C)C)cc2)S1,0
107,70104,Cn1c(=O)c2c(nc(Cl)n2Cc2ccncc2)n(C)c1=O,0
108,82401,CC(C)c1cc(C(C)C)c(S(=O)(=O)NNC(=O)c2ccncc2)c(C(C)C)c1,0
109,56643,CC(C)c1ccc(CNC(=O)C(=O)NCCCn2ccnc2)cc1,0
110,75368,CC(C)c1ccc(/C=C/C(=O)Nc2nc3ccc([N+](=O)[O-])cc3s2)cc1,0
111,904,CC(C)Nc1nc(-c2ccncc2)nc(-c2ccccc2)c1C#N,0
112,57941,CC(C)c1ccc(/C=C/C(=O)Nc2nncs2)cc1,0
113,58719,CC(/C=N/NC(=O)Cn1nccc1C)=C\c1ccc(C(C)C)cc1,0
114,8947,CCc1cc2c(O)nc(-c3ccncc3)nc2s1,0
115,3882,COc1cc(C=O)ccc1OC(=O)c1ccc(C(C)C)cc1,0
116,66151,CC(C)c1ccc(/C=C2\CC/C(=C\C=N\N(C)C)C2=O)cc1,0
117,5006,O=S(=O)(NCCc1csc2nc(-c3ccc(Cl)cc3)nn12)c1cccs1,0
118,20940,CC(C)c1nn2c(=O)cc(COC(=O)c3cccs3)nc2s1,0
119,75042,CCC(=O)NCCc1sc2nc(-c3ccc(OC)cc3)nn2c1C,0
120,56872,Cc1nn2c(-c3ccncc3)ccnc2c1Cl,0
121,97844,Cc1cc(=O)n2nc(-c3ccc(C(F)(F)F)cc3)sc2n1,0
122,71198,CCSC1=N/C(=C\c2ccc(C(=O)O)cc2)C(=O)S1,0
123,60455,CC(C)c1ccc(NC(=O)C2CC(=O)N=C(N)S2)cc1,0
124,31462,COc1ccc(/C=C2\SC(=S)N(CC(=O)NNC(=O)c3ccncc3)C2=O)cc1,0
125,19170,CC1CCN(C(=O)Cn2nnc(-c3ccc(C(C)C)cc3)n2)CC1,0
126,1397,O=C(Nn1c(-c2ccncc2)nc2ccccc2c1=O)c1ccc(Br)cc1,0
127,51692,CC(C)C(=O)n1nc(-c2cccnc2)nc1NCc1cccs1,0
128,87117,CCCS(=O)(=O)NCCc1sc2nc(-c3ccc(Cl)cc3)nn2c1C,0
129,48773,O=[N+]([O-])c1c(O)nc(O)nc1/C=C/c1ccccc1,1
130,65577,CCC(C)Oc1ccc(/C=C/c2nc(O)nc(O)c2[N+](=O)[O-])cc1OC,1
131,28353,COc1cc(/C=C/c2nc(O)nc(O)c2[N+](=O)[O-])cc([N+](=O)[O-])c1O,0
132,25724,O=C(O)C(c1ccccc1)N1C(=O)/C(=C/c2cccs2)SC1=S,0
133,96604,O=C1/C(=C/c2ccncc2)SC(=S)N1C1CCCCC1,0
134,13402,O=C1/C(=C/c2cccnc2)SC(=S)N1c1ccccc1,0
135,73755,CCOc1ccc(/C=C2\SC(=S)N(C(C(=O)O)c3ccccc3)C2=O)cc1OC,0
136,92888,O=C(NN1C(=O)/C(=C/c2cccnc2)SC1=S)C(c1ccccc1)c1ccccc1,0
137,81174,CCCC(C(=O)O)N1C(=O)/C(=C/c2nc3ccccc3[nH]2)SC1=S,0
138,35169,O=C(CCN1C(=O)/C(=C/c2ccccc2)SC1=S)NNC(=O)c1ccncc1,0
139,80717,Cc1nn(CC(=O)Nc2ccc(C(C)C)cc2)c(C)c1[N+](=O)[O-],0
140,25303,O=C1/C(=C/c2ccccn2)SC(=S)N1Cc1ccccc1,0
141,30754,Cc1ccc(N2C(=O)/C(=C/c3cccnc3)SC2=S)cc1,0
142,46820,O=C(CN1C(=O)/C(=C/c2ccccc2)SC1=S)Nc1cccnc1,0
143,65409,CC(C(=O)O)N1C(=O)/C(=C/C=C/c2ccco2)SC1=S,0
144,50400,CC1=CC(C)(C)NC(=S)N1C(C)c1ccccc1,0
145,2777,Cn1c(/C=C/c2ccc(Cl)cc2)c([N+](=O)[O-])c(=O)n(C)c1=O,0
146,34058,COc1cccc(/C=C2\SC(=S)N(NC(=O)c3ccncc3)C2=O)c1,0
147,79942,CCCN1C(=O)/C(=C\c2ccncc2)SC1=Nc1ccccc1,0
148,35263,O=C(CCN1C(=O)/C(=C/c2ccccc2)SC1=S)Nc1ccccn1,0
149,45278,CC(=O)NC(CC(=O)NCCN1C(=O)S/C(=C\c2ccccc2)C1=O)c1ccccc1,0
150,41222,Cc1nc(O)c(C#N)c(C)c1[N+](=O)[O-],0
151,84402,NC1=NC(=O)/C(=C/c2ccccc2)S1,0
152,43980,O=C(O)c1ccc(/C=C2\SC(=S)N(NC(=O)c3ccccc3)C2=O)cc1,0
153,85986,CCCNC(=O)/C=C/c1ccc(C(C)C)cc1,0
154,17702,O=[N+]([O-])c1c(O)nc(/C=C\c2cccs2)nc1O,0
155,39500,CC(c1ccccc1)N1C(=O)c2ccccc2C1O,0
156,73852,COc1cc(/C=C2\SC(=S)N(Nc3ccccc3)C2=O)ccc1O,0
157,40109,O=C1/C(=C/c2ccccc2)SC(=S)N1CC(=O)N1CCCCC1c1cccnc1,0
158,14977,C=CCN1C(=O)/C(=C\C(C)=C\c2ccccc2)SC1=S,0
159,96757,CN1C(=O)S/C(=C\c2ccc(-n3cncn3)cc2)C1=O,0
160,14873,Cc1cc(OC(=O)c2ccc(OC(C)C)cc2)c([N+](=O)[O-])c(O)n1,0
161,9626,O=[N+]([O-])c1c(O)nc2ccc(Cl)cc2c1-c1ccccc1,0
162,43453,OC(c1ccccc1)c1ccncc1,0
163,44416,O=[N+]([O-])c1cccc2ccc(/C=C/c3ccc(Cl)cc3)nc12,0
164,86465,Cc1ccc(S(=O)(=O)NN2C(=O)/C(=C/c3ccccn3)SC2=S)cc1,0
165,71154,Cc1cc(C)nc(NN2C(=O)/C(=C/c3ccc(O)cc3)SC2=S)n1,0
166,56486,CCOC(=O)CC1C(=O)NCCN1c1nc2c(C)cccn2c(=O)c1/C=C1\SC(=S)N(C(C)CC)C1=O,0
167,54561,O=C(O)COc1ccccc1/C=C1\SC(=S)N(c2cccnc2)C1=O,0
168,23963,Cc1cc(=O)n(C(C)c2ccccc2)n1C(C)c1ccccc1,0
169,44012,O=C(O)CN1C(=O)/C(=C/c2ccsc2)SC1=S,0
170,32467,Cc1cc(/C=C2\SC(=S)N(C)C2=O)c(C)n1-c1ccccc1O,0
171,27655,CCN1C(=O)/C(=C/C2=Cc3ccccc3OC2C)SC1=S,0
172,48618,Cc1ccc(/C=C2\SC(=S)N(CCC(=O)Nc3cccnc3)C2=O)cc1,0
173,67195,O=C1/C(=C/c2ccc(O)c([N+](=O)[O-])c2)SC(=S)N1Cc1ccccc1,0
174,6206,CC(C)C(C(=O)O)N1C(=O)/C(=C/C=C/c2ccco2)SC1=S,0
175,75987,Cc1c(N2C(=O)/C(=C/c3cccc4ccccc34)SC2=S)c(=O)n(-c2ccccc2)n1C,0
176,2781,COc1cccc(/C=C2\SC(=S)N(N3C(=O)CCCC3=O)C2=O)c1,0
177,45183,O=C1/C(=C/c2cccs2)SC(=S)N1N1CCOCC1,0
178,9947,CC(C)c1ccc(CNc2ccc([N+](=O)[O-])cn2)cc1,0
179,60431,Cc1ccc(/C=C2\SC(=S)N(CCC(=O)NNS(=O)(=O)c3ccccc3)C2=O)cc1,0
180,5196,O=C(O)CCN1C(=O)S/C(=C\c2cccnc2)C1=O,0
181,29159,CCN(C(=O)C(C)N1C(=O)/C(=C/c2ccco2)SC1=S)C1CCS(=O)(=O)C1,0
182,52610,COC(=O)c1cncn1C(C)c1ccccc1,0
183,7725,O=C(NN1C(=O)/C(=C/c2cccs2)SC1=S)c1cccnc1,0
184,45249,CC(C)c1ccc(/C=C/C(=O)NC2CCCCC2)cc1,0
185,66038,COc1cccc(/C=C2\SC(=S)N(c3cccnc3)C2=O)c1OC,0
186,22752,Cc1ccc(/C=C/c2nc(O)c3c(C)c(C(=O)O)sc3n2)cc1[N+](=O)[O-],0
187,13548,CC(c1ccccc1)N1C(=O)OC(C)(C)C1(C)O,0
188,83103,O=C(CCCN1C(=O)/C(=C/c2ccccc2)SC1=S)Nc1cccc(O)c1,0
189,96842,CC(=O)N(/C=C1\SC(=S)N(c2ccccc2)C1=O)c1ccccc1,0
190,77314,O=C(CN1C(=O)/C(=C/c2ccccc2)SC1=S)Nc1ncc(Cc2ccccc2)s1,0
191,95146,CCOc1cc(/C=C2\SC(=S)N(NC(=O)c3ccncc3)C2=O)ccc1O,0
192,50793,Cc1nc(O)nc(O)c1S(=O)(=O)Nc1cccc([N+](=O)[O-])c1C,0
